implementation,revision,contract_version,records,phase,workload,operation,operations,elapsed_ns,ns_per_op,ops_per_sec,workload_digest,result_count,validated,repetition,peak_rss_bytes
rust,a1e31dc403e5+src.24beb50ee9ec,prolly-compare-v1,10000,fresh,append,write,10000,2855292,285.529,3502268.770,51f55fcd59187cbf,10000,true,1,6782976
rust,a1e31dc403e5+src.24beb50ee9ec,prolly-compare-v1,10000,fresh,append,point_read,10000,1444833,144.483,6921215.116,51f55fcd59187cbf,10000,true,1,6782976
rust,a1e31dc403e5+src.24beb50ee9ec,prolly-compare-v1,10000,fresh,append,range_scan,10000,45875,4.588,217983651.226,51f55fcd59187cbf,10000,true,1,6782976
dolt-go,9e80d3aa2cf8+runner.6bf12dc88bef,prolly-compare-v1,10000,fresh,append,write,10000,6605875,660.587,1513804.000,51f55fcd59187cbf,10000,true,1,30408704
dolt-go,9e80d3aa2cf8+runner.6bf12dc88bef,prolly-compare-v1,10000,fresh,append,point_read,10000,3701667,370.167,2701485.574,51f55fcd59187cbf,10000,true,1,30408704
dolt-go,9e80d3aa2cf8+runner.6bf12dc88bef,prolly-compare-v1,10000,fresh,append,range_scan,10000,205334,20.533,48701140.581,51f55fcd59187cbf,10000,true,1,30408704
rust,a1e31dc403e5+src.24beb50ee9ec,prolly-compare-v1,10000,fresh,random,write,10000,3589250,358.925,2786097.374,004197dd790a1245,10000,true,1,6881280
rust,a1e31dc403e5+src.24beb50ee9ec,prolly-compare-v1,10000,fresh,random,point_read,10000,1443875,144.387,6925807.289,004197dd790a1245,10000,true,1,6881280
rust,a1e31dc403e5+src.24beb50ee9ec,prolly-compare-v1,10000,fresh,random,range_scan,10000,45542,4.554,219577532.827,004197dd790a1245,10000,true,1,6881280
dolt-go,9e80d3aa2cf8+runner.6bf12dc88bef,prolly-compare-v1,10000,fresh,random,write,10000,7165542,716.554,1395567.844,004197dd790a1245,10000,true,1,30539776
dolt-go,9e80d3aa2cf8+runner.6bf12dc88bef,prolly-compare-v1,10000,fresh,random,point_read,10000,3691375,369.137,2709017.642,004197dd790a1245,10000,true,1,30539776
dolt-go,9e80d3aa2cf8+runner.6bf12dc88bef,prolly-compare-v1,10000,fresh,random,range_scan,10000,209167,20.917,47808688.751,004197dd790a1245,10000,true,1,30539776
dolt-go,9e80d3aa2cf8+runner.6bf12dc88bef,prolly-compare-v1,10000,fresh,clustered,write,10000,6448875,644.888,1550658.061,86e38047f6ae04b3,10000,true,1,30375936
dolt-go,9e80d3aa2cf8+runner.6bf12dc88bef,prolly-compare-v1,10000,fresh,clustered,point_read,10000,3771167,377.117,2651699.063,86e38047f6ae04b3,10000,true,1,30375936
dolt-go,9e80d3aa2cf8+runner.6bf12dc88bef,prolly-compare-v1,10000,fresh,clustered,range_scan,10000,206791,20.679,48358003.975,86e38047f6ae04b3,10000,true,1,30375936
rust,a1e31dc403e5+src.24beb50ee9ec,prolly-compare-v1,10000,fresh,clustered,write,10000,2825584,282.558,3539091.388,86e38047f6ae04b3,10000,true,1,6881280
rust,a1e31dc403e5+src.24beb50ee9ec,prolly-compare-v1,10000,fresh,clustered,point_read,10000,1455250,145.525,6871671.534,86e38047f6ae04b3,10000,true,1,6881280
rust,a1e31dc403e5+src.24beb50ee9ec,prolly-compare-v1,10000,fresh,clustered,range_scan,10000,45625,4.562,219178082.192,86e38047f6ae04b3,10000,true,1,6881280
dolt-go,9e80d3aa2cf8+runner.6bf12dc88bef,prolly-compare-v1,10000,mutation,append,write,3000,2391042,797.014,1254683.105,2ef1df79e1226620,13000,true,1,29458432
dolt-go,9e80d3aa2cf8+runner.6bf12dc88bef,prolly-compare-v1,10000,mutation,append,point_read,13000,4360042,335.388,2981622.654,2ef1df79e1226620,13000,true,1,29458432
dolt-go,9e80d3aa2cf8+runner.6bf12dc88bef,prolly-compare-v1,10000,mutation,append,range_scan,13000,277166,21.320,46903299.828,2ef1df79e1226620,13000,true,1,29458432
rust,a1e31dc403e5+src.24beb50ee9ec,prolly-compare-v1,10000,mutation,append,write,3000,843667,281.222,3555905.351,2ef1df79e1226620,13000,true,1,7831552
rust,a1e31dc403e5+src.24beb50ee9ec,prolly-compare-v1,10000,mutation,append,point_read,13000,1324167,101.859,9817492.809,2ef1df79e1226620,13000,true,1,7831552
rust,a1e31dc403e5+src.24beb50ee9ec,prolly-compare-v1,10000,mutation,append,range_scan,13000,71000,5.462,183098591.549,2ef1df79e1226620,13000,true,1,7831552
dolt-go,9e80d3aa2cf8+runner.6bf12dc88bef,prolly-compare-v1,10000,mutation,random,write,3000,4314209,1438.070,695376.603,3bc7e45ef276a1c5,11500,true,1,28950528
dolt-go,9e80d3aa2cf8+runner.6bf12dc88bef,prolly-compare-v1,10000,mutation,random,point_read,13000,4840084,372.314,2685903.798,3bc7e45ef276a1c5,11500,true,1,28950528
dolt-go,9e80d3aa2cf8+runner.6bf12dc88bef,prolly-compare-v1,10000,mutation,random,range_scan,11500,235667,20.493,48797667.896,3bc7e45ef276a1c5,11500,true,1,28950528
rust,a1e31dc403e5+src.24beb50ee9ec,prolly-compare-v1,10000,mutation,random,write,3000,5319625,1773.208,563949.527,3bc7e45ef276a1c5,11500,true,1,12517376
rust,a1e31dc403e5+src.24beb50ee9ec,prolly-compare-v1,10000,mutation,random,point_read,13000,1872833,144.064,6941355.689,3bc7e45ef276a1c5,11500,true,1,12517376
rust,a1e31dc403e5+src.24beb50ee9ec,prolly-compare-v1,10000,mutation,random,range_scan,11500,61834,5.377,185981822.298,3bc7e45ef276a1c5,11500,true,1,12517376
rust,a1e31dc403e5+src.24beb50ee9ec,prolly-compare-v1,10000,mutation,clustered,write,3000,1789000,596.333,1676914.477,5caed8dbd3056277,11500,true,1,9519104
rust,a1e31dc403e5+src.24beb50ee9ec,prolly-compare-v1,10000,mutation,clustered,point_read,13000,1291083,99.314,10069066.048,5caed8dbd3056277,11500,true,1,9519104
rust,a1e31dc403e5+src.24beb50ee9ec,prolly-compare-v1,10000,mutation,clustered,range_scan,11500,58833,5.116,195468529.567,5caed8dbd3056277,11500,true,1,9519104
dolt-go,9e80d3aa2cf8+runner.6bf12dc88bef,prolly-compare-v1,10000,mutation,clustered,write,3000,2041959,680.653,1469177.393,5caed8dbd3056277,11500,true,1,28770304
dolt-go,9e80d3aa2cf8+runner.6bf12dc88bef,prolly-compare-v1,10000,mutation,clustered,point_read,13000,4619250,355.327,2814309.682,5caed8dbd3056277,11500,true,1,28770304
dolt-go,9e80d3aa2cf8+runner.6bf12dc88bef,prolly-compare-v1,10000,mutation,clustered,range_scan,11500,259666,22.580,44287661.843,5caed8dbd3056277,11500,true,1,28770304
dolt-go,9e80d3aa2cf8+runner.6bf12dc88bef,prolly-compare-v1,10000,fresh,append,write,10000,5973834,597.383,1673966.836,51f55fcd59187cbf,10000,true,2,30457856
dolt-go,9e80d3aa2cf8+runner.6bf12dc88bef,prolly-compare-v1,10000,fresh,append,point_read,10000,3679458,367.946,2717791.588,51f55fcd59187cbf,10000,true,2,30457856
dolt-go,9e80d3aa2cf8+runner.6bf12dc88bef,prolly-compare-v1,10000,fresh,append,range_scan,10000,204750,20.475,48840048.840,51f55fcd59187cbf,10000,true,2,30457856
rust,a1e31dc403e5+src.24beb50ee9ec,prolly-compare-v1,10000,fresh,append,write,10000,2815875,281.587,3551294.003,51f55fcd59187cbf,10000,true,2,6946816
rust,a1e31dc403e5+src.24beb50ee9ec,prolly-compare-v1,10000,fresh,append,point_read,10000,1457167,145.717,6862631.394,51f55fcd59187cbf,10000,true,2,6946816
rust,a1e31dc403e5+src.24beb50ee9ec,prolly-compare-v1,10000,fresh,append,range_scan,10000,45166,4.517,221405482.000,51f55fcd59187cbf,10000,true,2,6946816
dolt-go,9e80d3aa2cf8+runner.6bf12dc88bef,prolly-compare-v1,10000,fresh,random,write,10000,7125041,712.504,1403500.696,004197dd790a1245,10000,true,2,30523392
dolt-go,9e80d3aa2cf8+runner.6bf12dc88bef,prolly-compare-v1,10000,fresh,random,point_read,10000,3679542,367.954,2717729.544,004197dd790a1245,10000,true,2,30523392
dolt-go,9e80d3aa2cf8+runner.6bf12dc88bef,prolly-compare-v1,10000,fresh,random,range_scan,10000,205167,20.517,48740781.900,004197dd790a1245,10000,true,2,30523392
rust,a1e31dc403e5+src.24beb50ee9ec,prolly-compare-v1,10000,fresh,random,write,10000,4092416,409.242,2443544.351,004197dd790a1245,10000,true,2,6782976
rust,a1e31dc403e5+src.24beb50ee9ec,prolly-compare-v1,10000,fresh,random,point_read,10000,1771250,177.125,5645730.416,004197dd790a1245,10000,true,2,6782976
rust,a1e31dc403e5+src.24beb50ee9ec,prolly-compare-v1,10000,fresh,random,range_scan,10000,56750,5.675,176211453.744,004197dd790a1245,10000,true,2,6782976
rust,a1e31dc403e5+src.24beb50ee9ec,prolly-compare-v1,10000,fresh,clustered,write,10000,3227916,322.792,3097974.049,86e38047f6ae04b3,10000,true,2,6848512
rust,a1e31dc403e5+src.24beb50ee9ec,prolly-compare-v1,10000,fresh,clustered,point_read,10000,1624167,162.417,6157002.328,86e38047f6ae04b3,10000,true,2,6848512
rust,a1e31dc403e5+src.24beb50ee9ec,prolly-compare-v1,10000,fresh,clustered,range_scan,10000,52166,5.217,191695740.521,86e38047f6ae04b3,10000,true,2,6848512
dolt-go,9e80d3aa2cf8+runner.6bf12dc88bef,prolly-compare-v1,10000,fresh,clustered,write,10000,6484542,648.454,1542128.958,86e38047f6ae04b3,10000,true,2,30507008
dolt-go,9e80d3aa2cf8+runner.6bf12dc88bef,prolly-compare-v1,10000,fresh,clustered,point_read,10000,3673500,367.350,2722199.537,86e38047f6ae04b3,10000,true,2,30507008
dolt-go,9e80d3aa2cf8+runner.6bf12dc88bef,prolly-compare-v1,10000,fresh,clustered,range_scan,10000,209125,20.913,47818290.496,86e38047f6ae04b3,10000,true,2,30507008
rust,a1e31dc403e5+src.24beb50ee9ec,prolly-compare-v1,10000,mutation,append,write,3000,816875,272.292,3672532.517,2ef1df79e1226620,13000,true,2,7815168
rust,a1e31dc403e5+src.24beb50ee9ec,prolly-compare-v1,10000,mutation,append,point_read,13000,1303000,100.231,9976976.209,2ef1df79e1226620,13000,true,2,7815168
rust,a1e31dc403e5+src.24beb50ee9ec,prolly-compare-v1,10000,mutation,append,range_scan,13000,68250,5.250,190476190.476,2ef1df79e1226620,13000,true,2,7815168
dolt-go,9e80d3aa2cf8+runner.6bf12dc88bef,prolly-compare-v1,10000,mutation,append,write,3000,2301417,767.139,1303544.729,2ef1df79e1226620,13000,true,2,29523968
dolt-go,9e80d3aa2cf8+runner.6bf12dc88bef,prolly-compare-v1,10000,mutation,append,point_read,13000,4324666,332.667,3006012.487,2ef1df79e1226620,13000,true,2,29523968
dolt-go,9e80d3aa2cf8+runner.6bf12dc88bef,prolly-compare-v1,10000,mutation,append,range_scan,13000,273792,21.061,47481299.673,2ef1df79e1226620,13000,true,2,29523968
rust,a1e31dc403e5+src.24beb50ee9ec,prolly-compare-v1,10000,mutation,random,write,3000,5324125,1774.708,563472.871,3bc7e45ef276a1c5,11500,true,2,12419072
rust,a1e31dc403e5+src.24beb50ee9ec,prolly-compare-v1,10000,mutation,random,point_read,13000,1878166,144.474,6921645.904,3bc7e45ef276a1c5,11500,true,2,12419072
rust,a1e31dc403e5+src.24beb50ee9ec,prolly-compare-v1,10000,mutation,random,range_scan,11500,62333,5.420,184492965.203,3bc7e45ef276a1c5,11500,true,2,12419072
dolt-go,9e80d3aa2cf8+runner.6bf12dc88bef,prolly-compare-v1,10000,mutation,random,write,3000,4291459,1430.486,699062.953,3bc7e45ef276a1c5,11500,true,2,29409280
dolt-go,9e80d3aa2cf8+runner.6bf12dc88bef,prolly-compare-v1,10000,mutation,random,point_read,13000,4841041,372.388,2685372.836,3bc7e45ef276a1c5,11500,true,2,29409280
dolt-go,9e80d3aa2cf8+runner.6bf12dc88bef,prolly-compare-v1,10000,mutation,random,range_scan,11500,238542,20.743,48209539.620,3bc7e45ef276a1c5,11500,true,2,29409280
dolt-go,9e80d3aa2cf8+runner.6bf12dc88bef,prolly-compare-v1,10000,mutation,clustered,write,3000,1886875,628.958,1589930.441,5caed8dbd3056277,11500,true,2,29097984
dolt-go,9e80d3aa2cf8+runner.6bf12dc88bef,prolly-compare-v1,10000,mutation,clustered,point_read,13000,4357500,335.192,2983362.020,5caed8dbd3056277,11500,true,2,29097984
dolt-go,9e80d3aa2cf8+runner.6bf12dc88bef,prolly-compare-v1,10000,mutation,clustered,range_scan,11500,243583,21.181,47211833.338,5caed8dbd3056277,11500,true,2,29097984
rust,a1e31dc403e5+src.24beb50ee9ec,prolly-compare-v1,10000,mutation,clustered,write,3000,1639750,546.583,1829547.187,5caed8dbd3056277,11500,true,2,8830976
rust,a1e31dc403e5+src.24beb50ee9ec,prolly-compare-v1,10000,mutation,clustered,point_read,13000,1191583,91.660,10909856.888,5caed8dbd3056277,11500,true,2,8830976
rust,a1e31dc403e5+src.24beb50ee9ec,prolly-compare-v1,10000,mutation,clustered,range_scan,11500,61500,5.348,186991869.919,5caed8dbd3056277,11500,true,2,8830976
rust,a1e31dc403e5+src.24beb50ee9ec,prolly-compare-v1,10000,fresh,append,write,10000,2808917,280.892,3560090.953,51f55fcd59187cbf,10000,true,3,6799360
rust,a1e31dc403e5+src.24beb50ee9ec,prolly-compare-v1,10000,fresh,append,point_read,10000,1430250,143.025,6991784.653,51f55fcd59187cbf,10000,true,3,6799360
rust,a1e31dc403e5+src.24beb50ee9ec,prolly-compare-v1,10000,fresh,append,range_scan,10000,45167,4.517,221400580.070,51f55fcd59187cbf,10000,true,3,6799360
dolt-go,9e80d3aa2cf8+runner.6bf12dc88bef,prolly-compare-v1,10000,fresh,append,write,10000,6185792,618.579,1616607.865,51f55fcd59187cbf,10000,true,3,30539776
dolt-go,9e80d3aa2cf8+runner.6bf12dc88bef,prolly-compare-v1,10000,fresh,append,point_read,10000,3675958,367.596,2720379.286,51f55fcd59187cbf,10000,true,3,30539776
dolt-go,9e80d3aa2cf8+runner.6bf12dc88bef,prolly-compare-v1,10000,fresh,append,range_scan,10000,204750,20.475,48840048.840,51f55fcd59187cbf,10000,true,3,30539776
rust,a1e31dc403e5+src.24beb50ee9ec,prolly-compare-v1,10000,fresh,random,write,10000,3344792,334.479,2989722.530,004197dd790a1245,10000,true,3,6815744
rust,a1e31dc403e5+src.24beb50ee9ec,prolly-compare-v1,10000,fresh,random,point_read,10000,1432042,143.204,6983035.414,004197dd790a1245,10000,true,3,6815744
rust,a1e31dc403e5+src.24beb50ee9ec,prolly-compare-v1,10000,fresh,random,range_scan,10000,48542,4.854,206007169.049,004197dd790a1245,10000,true,3,6815744
dolt-go,9e80d3aa2cf8+runner.6bf12dc88bef,prolly-compare-v1,10000,fresh,random,write,10000,7135708,713.571,1401402.636,004197dd790a1245,10000,true,3,30539776
dolt-go,9e80d3aa2cf8+runner.6bf12dc88bef,prolly-compare-v1,10000,fresh,random,point_read,10000,3678750,367.875,2718314.645,004197dd790a1245,10000,true,3,30539776
dolt-go,9e80d3aa2cf8+runner.6bf12dc88bef,prolly-compare-v1,10000,fresh,random,range_scan,10000,205000,20.500,48780487.805,004197dd790a1245,10000,true,3,30539776
dolt-go,9e80d3aa2cf8+runner.6bf12dc88bef,prolly-compare-v1,10000,fresh,clustered,write,10000,6308917,630.892,1585058.101,86e38047f6ae04b3,10000,true,3,30507008
dolt-go,9e80d3aa2cf8+runner.6bf12dc88bef,prolly-compare-v1,10000,fresh,clustered,point_read,10000,3664250,366.425,2729071.433,86e38047f6ae04b3,10000,true,3,30507008
dolt-go,9e80d3aa2cf8+runner.6bf12dc88bef,prolly-compare-v1,10000,fresh,clustered,range_scan,10000,204417,20.442,48919610.404,86e38047f6ae04b3,10000,true,3,30507008
rust,a1e31dc403e5+src.24beb50ee9ec,prolly-compare-v1,10000,fresh,clustered,write,10000,2825875,282.587,3538726.943,86e38047f6ae04b3,10000,true,3,6848512
rust,a1e31dc403e5+src.24beb50ee9ec,prolly-compare-v1,10000,fresh,clustered,point_read,10000,1438917,143.892,6949671.176,86e38047f6ae04b3,10000,true,3,6848512
rust,a1e31dc403e5+src.24beb50ee9ec,prolly-compare-v1,10000,fresh,clustered,range_scan,10000,45833,4.583,218183404.970,86e38047f6ae04b3,10000,true,3,6848512
dolt-go,9e80d3aa2cf8+runner.6bf12dc88bef,prolly-compare-v1,10000,mutation,append,write,3000,2377917,792.639,1261608.374,2ef1df79e1226620,13000,true,3,29179904
dolt-go,9e80d3aa2cf8+runner.6bf12dc88bef,prolly-compare-v1,10000,mutation,append,point_read,13000,4299834,330.756,3023372.530,2ef1df79e1226620,13000,true,3,29179904
dolt-go,9e80d3aa2cf8+runner.6bf12dc88bef,prolly-compare-v1,10000,mutation,append,range_scan,13000,274416,21.109,47373331.001,2ef1df79e1226620,13000,true,3,29179904
rust,a1e31dc403e5+src.24beb50ee9ec,prolly-compare-v1,10000,mutation,append,write,3000,817584,272.528,3669347.737,2ef1df79e1226620,13000,true,3,7880704
rust,a1e31dc403e5+src.24beb50ee9ec,prolly-compare-v1,10000,mutation,append,point_read,13000,1314000,101.077,9893455.099,2ef1df79e1226620,13000,true,3,7880704
rust,a1e31dc403e5+src.24beb50ee9ec,prolly-compare-v1,10000,mutation,append,range_scan,13000,70833,5.449,183530275.437,2ef1df79e1226620,13000,true,3,7880704
dolt-go,9e80d3aa2cf8+runner.6bf12dc88bef,prolly-compare-v1,10000,mutation,random,write,3000,4267834,1422.611,702932.682,3bc7e45ef276a1c5,11500,true,3,29147136
dolt-go,9e80d3aa2cf8+runner.6bf12dc88bef,prolly-compare-v1,10000,mutation,random,point_read,13000,4826709,371.285,2693346.543,3bc7e45ef276a1c5,11500,true,3,29147136
dolt-go,9e80d3aa2cf8+runner.6bf12dc88bef,prolly-compare-v1,10000,mutation,random,range_scan,11500,236708,20.583,48583064.366,3bc7e45ef276a1c5,11500,true,3,29147136
rust,a1e31dc403e5+src.24beb50ee9ec,prolly-compare-v1,10000,mutation,random,write,3000,5366542,1788.847,559019.197,3bc7e45ef276a1c5,11500,true,3,12828672
rust,a1e31dc403e5+src.24beb50ee9ec,prolly-compare-v1,10000,mutation,random,point_read,13000,1872542,144.042,6942434.402,3bc7e45ef276a1c5,11500,true,3,12828672
rust,a1e31dc403e5+src.24beb50ee9ec,prolly-compare-v1,10000,mutation,random,range_scan,11500,64792,5.634,177491048.278,3bc7e45ef276a1c5,11500,true,3,12828672
rust,a1e31dc403e5+src.24beb50ee9ec,prolly-compare-v1,10000,mutation,clustered,write,3000,1938416,646.139,1547655.405,5caed8dbd3056277,11500,true,3,9371648
rust,a1e31dc403e5+src.24beb50ee9ec,prolly-compare-v1,10000,mutation,clustered,point_read,13000,1205375,92.721,10785025.407,5caed8dbd3056277,11500,true,3,9371648
rust,a1e31dc403e5+src.24beb50ee9ec,prolly-compare-v1,10000,mutation,clustered,range_scan,11500,66750,5.804,172284644.195,5caed8dbd3056277,11500,true,3,9371648
dolt-go,9e80d3aa2cf8+runner.6bf12dc88bef,prolly-compare-v1,10000,mutation,clustered,write,3000,1929667,643.222,1554672.386,5caed8dbd3056277,11500,true,3,29163520
dolt-go,9e80d3aa2cf8+runner.6bf12dc88bef,prolly-compare-v1,10000,mutation,clustered,point_read,13000,4307917,331.378,3017699.737,5caed8dbd3056277,11500,true,3,29163520
dolt-go,9e80d3aa2cf8+runner.6bf12dc88bef,prolly-compare-v1,10000,mutation,clustered,range_scan,11500,244833,21.290,46970792.336,5caed8dbd3056277,11500,true,3,29163520
rust,a1e31dc403e5+src.24beb50ee9ec,prolly-compare-v1,50000,fresh,append,write,50000,13511291,270.226,3700608.624,bd7b883b605f8118,50000,true,1,21872640
rust,a1e31dc403e5+src.24beb50ee9ec,prolly-compare-v1,50000,fresh,append,point_read,50000,8288500,165.770,6032454.606,bd7b883b605f8118,50000,true,1,21872640
rust,a1e31dc403e5+src.24beb50ee9ec,prolly-compare-v1,50000,fresh,append,range_scan,50000,220167,4.403,227100337.471,bd7b883b605f8118,50000,true,1,21872640
dolt-go,9e80d3aa2cf8+runner.6bf12dc88bef,prolly-compare-v1,50000,fresh,append,write,50000,35571333,711.427,1405626.267,bd7b883b605f8118,50000,true,1,69861376
dolt-go,9e80d3aa2cf8+runner.6bf12dc88bef,prolly-compare-v1,50000,fresh,append,point_read,50000,21403583,428.072,2336057.472,bd7b883b605f8118,50000,true,1,69861376
dolt-go,9e80d3aa2cf8+runner.6bf12dc88bef,prolly-compare-v1,50000,fresh,append,range_scan,50000,1029833,20.597,48551561.273,bd7b883b605f8118,50000,true,1,69861376
rust,a1e31dc403e5+src.24beb50ee9ec,prolly-compare-v1,50000,fresh,random,write,50000,17129750,342.595,2918898.408,ccbb2643dbf4bfa2,50000,true,1,21839872
rust,a1e31dc403e5+src.24beb50ee9ec,prolly-compare-v1,50000,fresh,random,point_read,50000,8257416,165.148,6055163.020,ccbb2643dbf4bfa2,50000,true,1,21839872
rust,a1e31dc403e5+src.24beb50ee9ec,prolly-compare-v1,50000,fresh,random,range_scan,50000,226083,4.522,221157716.414,ccbb2643dbf4bfa2,50000,true,1,21839872
dolt-go,9e80d3aa2cf8+runner.6bf12dc88bef,prolly-compare-v1,50000,fresh,random,write,50000,40221667,804.433,1243111.082,ccbb2643dbf4bfa2,50000,true,1,75120640
dolt-go,9e80d3aa2cf8+runner.6bf12dc88bef,prolly-compare-v1,50000,fresh,random,point_read,50000,21478083,429.562,2327954.501,ccbb2643dbf4bfa2,50000,true,1,75120640
dolt-go,9e80d3aa2cf8+runner.6bf12dc88bef,prolly-compare-v1,50000,fresh,random,range_scan,50000,1031292,20.626,48482873.910,ccbb2643dbf4bfa2,50000,true,1,75120640
dolt-go,9e80d3aa2cf8+runner.6bf12dc88bef,prolly-compare-v1,50000,fresh,clustered,write,50000,34566417,691.328,1446490.679,205a94f559ff5dec,50000,true,1,72810496
dolt-go,9e80d3aa2cf8+runner.6bf12dc88bef,prolly-compare-v1,50000,fresh,clustered,point_read,50000,21399375,427.988,2336516.838,205a94f559ff5dec,50000,true,1,72810496
dolt-go,9e80d3aa2cf8+runner.6bf12dc88bef,prolly-compare-v1,50000,fresh,clustered,range_scan,50000,1031042,20.621,48494629.705,205a94f559ff5dec,50000,true,1,72810496
rust,a1e31dc403e5+src.24beb50ee9ec,prolly-compare-v1,50000,fresh,clustered,write,50000,15654083,313.082,3194054.867,205a94f559ff5dec,50000,true,1,22462464
rust,a1e31dc403e5+src.24beb50ee9ec,prolly-compare-v1,50000,fresh,clustered,point_read,50000,8254125,165.083,6057577.272,205a94f559ff5dec,50000,true,1,22462464
rust,a1e31dc403e5+src.24beb50ee9ec,prolly-compare-v1,50000,fresh,clustered,range_scan,50000,220291,4.406,226972504.551,205a94f559ff5dec,50000,true,1,22462464
dolt-go,9e80d3aa2cf8+runner.6bf12dc88bef,prolly-compare-v1,50000,mutation,append,write,15000,14020458,934.697,1069865.193,3c499f1c4facc286,65000,true,1,65814528
dolt-go,9e80d3aa2cf8+runner.6bf12dc88bef,prolly-compare-v1,50000,mutation,append,point_read,65000,26072792,401.120,2493020.310,3c499f1c4facc286,65000,true,1,65814528
dolt-go,9e80d3aa2cf8+runner.6bf12dc88bef,prolly-compare-v1,50000,mutation,append,range_scan,65000,1533917,23.599,42375174.146,3c499f1c4facc286,65000,true,1,65814528
rust,a1e31dc403e5+src.24beb50ee9ec,prolly-compare-v1,50000,mutation,append,write,15000,3771041,251.403,3977681.494,3c499f1c4facc286,65000,true,1,30064640
rust,a1e31dc403e5+src.24beb50ee9ec,prolly-compare-v1,50000,mutation,append,point_read,65000,6657541,102.424,9763364.582,3c499f1c4facc286,65000,true,1,30064640
rust,a1e31dc403e5+src.24beb50ee9ec,prolly-compare-v1,50000,mutation,append,range_scan,65000,284000,4.369,228873239.437,3c499f1c4facc286,65000,true,1,30064640
dolt-go,9e80d3aa2cf8+runner.6bf12dc88bef,prolly-compare-v1,50000,mutation,random,write,15000,20130542,1342.036,745136.420,fe19475bee4bebd1,57500,true,1,65765376
dolt-go,9e80d3aa2cf8+runner.6bf12dc88bef,prolly-compare-v1,50000,mutation,random,point_read,65000,28407417,437.037,2288134.821,fe19475bee4bebd1,57500,true,1,65765376
dolt-go,9e80d3aa2cf8+runner.6bf12dc88bef,prolly-compare-v1,50000,mutation,random,range_scan,57500,1198541,20.844,47974996.266,fe19475bee4bebd1,57500,true,1,65765376
rust,a1e31dc403e5+src.24beb50ee9ec,prolly-compare-v1,50000,mutation,random,write,15000,26116708,1741.114,574344.975,fe19475bee4bebd1,57500,true,1,53854208
rust,a1e31dc403e5+src.24beb50ee9ec,prolly-compare-v1,50000,mutation,random,point_read,65000,10940958,168.322,5940978.843,fe19475bee4bebd1,57500,true,1,53854208
rust,a1e31dc403e5+src.24beb50ee9ec,prolly-compare-v1,50000,mutation,random,range_scan,57500,252166,4.385,228024396.628,fe19475bee4bebd1,57500,true,1,53854208
rust,a1e31dc403e5+src.24beb50ee9ec,prolly-compare-v1,50000,mutation,clustered,write,15000,7539500,502.633,1989521.852,3f4faf6738a21a14,57500,true,1,34324480
rust,a1e31dc403e5+src.24beb50ee9ec,prolly-compare-v1,50000,mutation,clustered,point_read,65000,6455083,99.309,10069583.923,3f4faf6738a21a14,57500,true,1,34324480
rust,a1e31dc403e5+src.24beb50ee9ec,prolly-compare-v1,50000,mutation,clustered,range_scan,57500,263416,4.581,218285905.184,3f4faf6738a21a14,57500,true,1,34324480
dolt-go,9e80d3aa2cf8+runner.6bf12dc88bef,prolly-compare-v1,50000,mutation,clustered,write,15000,11363583,757.572,1320006.199,3f4faf6738a21a14,57500,true,1,65568768
dolt-go,9e80d3aa2cf8+runner.6bf12dc88bef,prolly-compare-v1,50000,mutation,clustered,point_read,65000,24574750,378.073,2644991.302,3f4faf6738a21a14,57500,true,1,65568768
dolt-go,9e80d3aa2cf8+runner.6bf12dc88bef,prolly-compare-v1,50000,mutation,clustered,range_scan,57500,1300334,22.615,44219408.244,3f4faf6738a21a14,57500,true,1,65568768
dolt-go,9e80d3aa2cf8+runner.6bf12dc88bef,prolly-compare-v1,50000,fresh,append,write,50000,33309125,666.183,1501090.167,bd7b883b605f8118,50000,true,2,73809920
dolt-go,9e80d3aa2cf8+runner.6bf12dc88bef,prolly-compare-v1,50000,fresh,append,point_read,50000,22581334,451.627,2214218.168,bd7b883b605f8118,50000,true,2,73809920
dolt-go,9e80d3aa2cf8+runner.6bf12dc88bef,prolly-compare-v1,50000,fresh,append,range_scan,50000,1105417,22.108,45231799.402,bd7b883b605f8118,50000,true,2,73809920
rust,a1e31dc403e5+src.24beb50ee9ec,prolly-compare-v1,50000,fresh,append,write,50000,14999416,299.988,3333463.116,bd7b883b605f8118,50000,true,2,22691840
rust,a1e31dc403e5+src.24beb50ee9ec,prolly-compare-v1,50000,fresh,append,point_read,50000,8857125,177.143,5645172.672,bd7b883b605f8118,50000,true,2,22691840
rust,a1e31dc403e5+src.24beb50ee9ec,prolly-compare-v1,50000,fresh,append,range_scan,50000,239708,4.794,208587114.322,bd7b883b605f8118,50000,true,2,22691840
dolt-go,9e80d3aa2cf8+runner.6bf12dc88bef,prolly-compare-v1,50000,fresh,random,write,50000,46621333,932.427,1072470.407,ccbb2643dbf4bfa2,50000,true,2,64880640
dolt-go,9e80d3aa2cf8+runner.6bf12dc88bef,prolly-compare-v1,50000,fresh,random,point_read,50000,22470875,449.418,2225102.494,ccbb2643dbf4bfa2,50000,true,2,64880640
dolt-go,9e80d3aa2cf8+runner.6bf12dc88bef,prolly-compare-v1,50000,fresh,random,range_scan,50000,1105041,22.101,45247189.923,ccbb2643dbf4bfa2,50000,true,2,64880640
rust,a1e31dc403e5+src.24beb50ee9ec,prolly-compare-v1,50000,fresh,random,write,50000,17117458,342.349,2920994.461,ccbb2643dbf4bfa2,50000,true,2,22446080
rust,a1e31dc403e5+src.24beb50ee9ec,prolly-compare-v1,50000,fresh,random,point_read,50000,8321750,166.435,6008351.609,ccbb2643dbf4bfa2,50000,true,2,22446080
rust,a1e31dc403e5+src.24beb50ee9ec,prolly-compare-v1,50000,fresh,random,range_scan,50000,217791,4.356,229577898.077,ccbb2643dbf4bfa2,50000,true,2,22446080
rust,a1e31dc403e5+src.24beb50ee9ec,prolly-compare-v1,50000,fresh,clustered,write,50000,15919834,318.397,3140736.266,205a94f559ff5dec,50000,true,2,21889024
rust,a1e31dc403e5+src.24beb50ee9ec,prolly-compare-v1,50000,fresh,clustered,point_read,50000,8291375,165.827,6030362.877,205a94f559ff5dec,50000,true,2,21889024
rust,a1e31dc403e5+src.24beb50ee9ec,prolly-compare-v1,50000,fresh,clustered,range_scan,50000,217208,4.344,230194099.665,205a94f559ff5dec,50000,true,2,21889024
dolt-go,9e80d3aa2cf8+runner.6bf12dc88bef,prolly-compare-v1,50000,fresh,clustered,write,50000,36648709,732.974,1364304.538,205a94f559ff5dec,50000,true,2,62423040
dolt-go,9e80d3aa2cf8+runner.6bf12dc88bef,prolly-compare-v1,50000,fresh,clustered,point_read,50000,21588333,431.767,2316065.812,205a94f559ff5dec,50000,true,2,62423040
dolt-go,9e80d3aa2cf8+runner.6bf12dc88bef,prolly-compare-v1,50000,fresh,clustered,range_scan,50000,1026875,20.538,48691418.138,205a94f559ff5dec,50000,true,2,62423040
rust,a1e31dc403e5+src.24beb50ee9ec,prolly-compare-v1,50000,mutation,append,write,15000,3828666,255.244,3917813.672,3c499f1c4facc286,65000,true,2,31145984
rust,a1e31dc403e5+src.24beb50ee9ec,prolly-compare-v1,50000,mutation,append,point_read,65000,6672750,102.658,9741111.236,3c499f1c4facc286,65000,true,2,31145984
rust,a1e31dc403e5+src.24beb50ee9ec,prolly-compare-v1,50000,mutation,append,range_scan,65000,302500,4.654,214876033.058,3c499f1c4facc286,65000,true,2,31145984
dolt-go,9e80d3aa2cf8+runner.6bf12dc88bef,prolly-compare-v1,50000,mutation,append,write,15000,13762209,917.481,1089941.302,3c499f1c4facc286,65000,true,2,65847296
dolt-go,9e80d3aa2cf8+runner.6bf12dc88bef,prolly-compare-v1,50000,mutation,append,point_read,65000,23558542,362.439,2759084.157,3c499f1c4facc286,65000,true,2,65847296
dolt-go,9e80d3aa2cf8+runner.6bf12dc88bef,prolly-compare-v1,50000,mutation,append,range_scan,65000,1361375,20.944,47745845.193,3c499f1c4facc286,65000,true,2,65847296
rust,a1e31dc403e5+src.24beb50ee9ec,prolly-compare-v1,50000,mutation,random,write,15000,26444167,1762.944,567232.842,fe19475bee4bebd1,57500,true,2,55197696
rust,a1e31dc403e5+src.24beb50ee9ec,prolly-compare-v1,50000,mutation,random,point_read,65000,11062625,170.194,5875639.823,fe19475bee4bebd1,57500,true,2,55197696
rust,a1e31dc403e5+src.24beb50ee9ec,prolly-compare-v1,50000,mutation,random,range_scan,57500,255750,4.448,224828934.506,fe19475bee4bebd1,57500,true,2,55197696
dolt-go,9e80d3aa2cf8+runner.6bf12dc88bef,prolly-compare-v1,50000,mutation,random,write,15000,24861792,1657.453,603335.431,fe19475bee4bebd1,57500,true,2,58081280
dolt-go,9e80d3aa2cf8+runner.6bf12dc88bef,prolly-compare-v1,50000,mutation,random,point_read,65000,28407625,437.040,2288118.067,fe19475bee4bebd1,57500,true,2,58081280
dolt-go,9e80d3aa2cf8+runner.6bf12dc88bef,prolly-compare-v1,50000,mutation,random,range_scan,57500,1202084,20.906,47833595.656,fe19475bee4bebd1,57500,true,2,58081280
dolt-go,9e80d3aa2cf8+runner.6bf12dc88bef,prolly-compare-v1,50000,mutation,clustered,write,15000,11033583,735.572,1359485.853,3f4faf6738a21a14,57500,true,2,58376192
dolt-go,9e80d3aa2cf8+runner.6bf12dc88bef,prolly-compare-v1,50000,mutation,clustered,point_read,65000,23500083,361.540,2765947.678,3f4faf6738a21a14,57500,true,2,58376192
dolt-go,9e80d3aa2cf8+runner.6bf12dc88bef,prolly-compare-v1,50000,mutation,clustered,range_scan,57500,1212792,21.092,47411262.607,3f4faf6738a21a14,57500,true,2,58376192
rust,a1e31dc403e5+src.24beb50ee9ec,prolly-compare-v1,50000,mutation,clustered,write,15000,6980750,465.383,2148766.250,3f4faf6738a21a14,57500,true,2,35094528
rust,a1e31dc403e5+src.24beb50ee9ec,prolly-compare-v1,50000,mutation,clustered,point_read,65000,6037250,92.881,10766491.366,3f4faf6738a21a14,57500,true,2,35094528
rust,a1e31dc403e5+src.24beb50ee9ec,prolly-compare-v1,50000,mutation,clustered,range_scan,57500,256084,4.454,224535699.224,3f4faf6738a21a14,57500,true,2,35094528
rust,a1e31dc403e5+src.24beb50ee9ec,prolly-compare-v1,50000,fresh,append,write,50000,13539750,270.795,3692830.370,bd7b883b605f8118,50000,true,3,21839872
rust,a1e31dc403e5+src.24beb50ee9ec,prolly-compare-v1,50000,fresh,append,point_read,50000,8259750,165.195,6053451.981,bd7b883b605f8118,50000,true,3,21839872
rust,a1e31dc403e5+src.24beb50ee9ec,prolly-compare-v1,50000,fresh,append,range_scan,50000,220208,4.404,227058054.203,bd7b883b605f8118,50000,true,3,21839872
dolt-go,9e80d3aa2cf8+runner.6bf12dc88bef,prolly-compare-v1,50000,fresh,append,write,50000,32533750,650.675,1536865.563,bd7b883b605f8118,50000,true,3,73809920
dolt-go,9e80d3aa2cf8+runner.6bf12dc88bef,prolly-compare-v1,50000,fresh,append,point_read,50000,21373500,427.470,2339345.451,bd7b883b605f8118,50000,true,3,73809920
dolt-go,9e80d3aa2cf8+runner.6bf12dc88bef,prolly-compare-v1,50000,fresh,append,range_scan,50000,1030458,20.609,48522113.468,bd7b883b605f8118,50000,true,3,73809920
rust,a1e31dc403e5+src.24beb50ee9ec,prolly-compare-v1,50000,fresh,random,write,50000,17018375,340.368,2938000.837,ccbb2643dbf4bfa2,50000,true,3,21839872
rust,a1e31dc403e5+src.24beb50ee9ec,prolly-compare-v1,50000,fresh,random,point_read,50000,8282167,165.643,6037067.352,ccbb2643dbf4bfa2,50000,true,3,21839872
rust,a1e31dc403e5+src.24beb50ee9ec,prolly-compare-v1,50000,fresh,random,range_scan,50000,223417,4.468,223796756.737,ccbb2643dbf4bfa2,50000,true,3,21839872
dolt-go,9e80d3aa2cf8+runner.6bf12dc88bef,prolly-compare-v1,50000,fresh,random,write,50000,39530750,790.615,1264838.132,ccbb2643dbf4bfa2,50000,true,3,75186176
dolt-go,9e80d3aa2cf8+runner.6bf12dc88bef,prolly-compare-v1,50000,fresh,random,point_read,50000,21532833,430.657,2322035.377,ccbb2643dbf4bfa2,50000,true,3,75186176
dolt-go,9e80d3aa2cf8+runner.6bf12dc88bef,prolly-compare-v1,50000,fresh,random,range_scan,50000,1036583,20.732,48235404.208,ccbb2643dbf4bfa2,50000,true,3,75186176
dolt-go,9e80d3aa2cf8+runner.6bf12dc88bef,prolly-compare-v1,50000,fresh,clustered,write,50000,34747500,694.950,1438952.443,205a94f559ff5dec,50000,true,3,72843264
dolt-go,9e80d3aa2cf8+runner.6bf12dc88bef,prolly-compare-v1,50000,fresh,clustered,point_read,50000,21464958,429.299,2329377.956,205a94f559ff5dec,50000,true,3,72843264
dolt-go,9e80d3aa2cf8+runner.6bf12dc88bef,prolly-compare-v1,50000,fresh,clustered,range_scan,50000,1035125,20.703,48303345.007,205a94f559ff5dec,50000,true,3,72843264
rust,a1e31dc403e5+src.24beb50ee9ec,prolly-compare-v1,50000,fresh,clustered,write,50000,15600334,312.007,3205059.584,205a94f559ff5dec,50000,true,3,21856256
rust,a1e31dc403e5+src.24beb50ee9ec,prolly-compare-v1,50000,fresh,clustered,point_read,50000,8248458,164.969,6061739.055,205a94f559ff5dec,50000,true,3,21856256
rust,a1e31dc403e5+src.24beb50ee9ec,prolly-compare-v1,50000,fresh,clustered,range_scan,50000,216875,4.338,230547550.432,205a94f559ff5dec,50000,true,3,21856256
dolt-go,9e80d3aa2cf8+runner.6bf12dc88bef,prolly-compare-v1,50000,mutation,append,write,15000,14713084,980.872,1019500.738,3c499f1c4facc286,65000,true,3,65650688
dolt-go,9e80d3aa2cf8+runner.6bf12dc88bef,prolly-compare-v1,50000,mutation,append,point_read,65000,24341125,374.479,2670377.807,3c499f1c4facc286,65000,true,3,65650688
dolt-go,9e80d3aa2cf8+runner.6bf12dc88bef,prolly-compare-v1,50000,mutation,append,range_scan,65000,1381958,21.261,47034714.514,3c499f1c4facc286,65000,true,3,65650688
rust,a1e31dc403e5+src.24beb50ee9ec,prolly-compare-v1,50000,mutation,append,write,15000,4014750,267.650,3736222.679,3c499f1c4facc286,65000,true,3,30425088
rust,a1e31dc403e5+src.24beb50ee9ec,prolly-compare-v1,50000,mutation,append,point_read,65000,6700250,103.081,9701130.555,3c499f1c4facc286,65000,true,3,30425088
rust,a1e31dc403e5+src.24beb50ee9ec,prolly-compare-v1,50000,mutation,append,range_scan,65000,316125,4.863,205614867.537,3c499f1c4facc286,65000,true,3,30425088
dolt-go,9e80d3aa2cf8+runner.6bf12dc88bef,prolly-compare-v1,50000,mutation,random,write,15000,23360917,1557.394,642098.082,fe19475bee4bebd1,57500,true,3,58212352
dolt-go,9e80d3aa2cf8+runner.6bf12dc88bef,prolly-compare-v1,50000,mutation,random,point_read,65000,28556500,439.331,2276189.309,fe19475bee4bebd1,57500,true,3,58212352
dolt-go,9e80d3aa2cf8+runner.6bf12dc88bef,prolly-compare-v1,50000,mutation,random,range_scan,57500,1195458,20.791,48098720.323,fe19475bee4bebd1,57500,true,3,58212352
rust,a1e31dc403e5+src.24beb50ee9ec,prolly-compare-v1,50000,mutation,random,write,15000,25894584,1726.306,579271.712,fe19475bee4bebd1,57500,true,3,54509568
rust,a1e31dc403e5+src.24beb50ee9ec,prolly-compare-v1,50000,mutation,random,point_read,65000,10969167,168.756,5925700.648,fe19475bee4bebd1,57500,true,3,54509568
rust,a1e31dc403e5+src.24beb50ee9ec,prolly-compare-v1,50000,mutation,random,range_scan,57500,251750,4.378,228401191.658,fe19475bee4bebd1,57500,true,3,54509568
rust,a1e31dc403e5+src.24beb50ee9ec,prolly-compare-v1,50000,mutation,clustered,write,15000,7051541,470.103,2127194.609,3f4faf6738a21a14,57500,true,3,34635776
rust,a1e31dc403e5+src.24beb50ee9ec,prolly-compare-v1,50000,mutation,clustered,point_read,65000,6029625,92.763,10780106.557,3f4faf6738a21a14,57500,true,3,34635776
rust,a1e31dc403e5+src.24beb50ee9ec,prolly-compare-v1,50000,mutation,clustered,range_scan,57500,258000,4.487,222868217.054,3f4faf6738a21a14,57500,true,3,34635776
dolt-go,9e80d3aa2cf8+runner.6bf12dc88bef,prolly-compare-v1,50000,mutation,clustered,write,15000,11739667,782.644,1277719.377,3f4faf6738a21a14,57500,true,3,65404928
dolt-go,9e80d3aa2cf8+runner.6bf12dc88bef,prolly-compare-v1,50000,mutation,clustered,point_read,65000,23443459,360.669,2772628.391,3f4faf6738a21a14,57500,true,3,65404928
dolt-go,9e80d3aa2cf8+runner.6bf12dc88bef,prolly-compare-v1,50000,mutation,clustered,range_scan,57500,1226667,21.333,46874987.262,3f4faf6738a21a14,57500,true,3,65404928
rust,a1e31dc403e5+src.24beb50ee9ec,prolly-compare-v1,1000000,fresh,append,write,1000000,270288666,270.289,3699748.180,9022bebe1b37f1a0,1000000,true,1,286081024
rust,a1e31dc403e5+src.24beb50ee9ec,prolly-compare-v1,1000000,fresh,append,point_read,100000,40618834,406.188,2461912.127,9022bebe1b37f1a0,1000000,true,1,286081024
rust,a1e31dc403e5+src.24beb50ee9ec,prolly-compare-v1,1000000,fresh,append,range_scan,1000000,4596291,4.596,217566729.348,9022bebe1b37f1a0,1000000,true,1,286081024
dolt-go,9e80d3aa2cf8+runner.6bf12dc88bef,prolly-compare-v1,1000000,fresh,append,write,1000000,986098709,986.099,1014097.261,9022bebe1b37f1a0,1000000,true,1,407158784
dolt-go,9e80d3aa2cf8+runner.6bf12dc88bef,prolly-compare-v1,1000000,fresh,append,point_read,100000,88683250,886.832,1127608.652,9022bebe1b37f1a0,1000000,true,1,407158784
dolt-go,9e80d3aa2cf8+runner.6bf12dc88bef,prolly-compare-v1,1000000,fresh,append,range_scan,1000000,23872250,23.872,41889641.739,9022bebe1b37f1a0,1000000,true,1,407158784
rust,a1e31dc403e5+src.24beb50ee9ec,prolly-compare-v1,1000000,fresh,random,write,1000000,525397083,525.397,1903322.330,1ea63edc2fc9d3ae,1000000,true,1,286785536
rust,a1e31dc403e5+src.24beb50ee9ec,prolly-compare-v1,1000000,fresh,random,point_read,100000,39848292,398.483,2509517.848,1ea63edc2fc9d3ae,1000000,true,1,286785536
rust,a1e31dc403e5+src.24beb50ee9ec,prolly-compare-v1,1000000,fresh,random,range_scan,1000000,4590417,4.590,217845132.588,1ea63edc2fc9d3ae,1000000,true,1,286785536
dolt-go,9e80d3aa2cf8+runner.6bf12dc88bef,prolly-compare-v1,1000000,fresh,random,write,1000000,2330477708,2330.478,429096.574,1ea63edc2fc9d3ae,1000000,true,1,1296203776
dolt-go,9e80d3aa2cf8+runner.6bf12dc88bef,prolly-compare-v1,1000000,fresh,random,point_read,100000,94306292,943.063,1060374.635,1ea63edc2fc9d3ae,1000000,true,1,1296203776
dolt-go,9e80d3aa2cf8+runner.6bf12dc88bef,prolly-compare-v1,1000000,fresh,random,range_scan,1000000,24806334,24.806,40312284.758,1ea63edc2fc9d3ae,1000000,true,1,1296203776
dolt-go,9e80d3aa2cf8+runner.6bf12dc88bef,prolly-compare-v1,1000000,fresh,clustered,write,1000000,861829000,861.829,1160322.988,97982a098e54aeae,1000000,true,1,443105280
dolt-go,9e80d3aa2cf8+runner.6bf12dc88bef,prolly-compare-v1,1000000,fresh,clustered,point_read,100000,92381833,923.818,1082463.908,97982a098e54aeae,1000000,true,1,443105280
dolt-go,9e80d3aa2cf8+runner.6bf12dc88bef,prolly-compare-v1,1000000,fresh,clustered,range_scan,1000000,24083166,24.083,41522779.854,97982a098e54aeae,1000000,true,1,443105280
rust,a1e31dc403e5+src.24beb50ee9ec,prolly-compare-v1,1000000,fresh,clustered,write,1000000,356416916,356.417,2805702.971,97982a098e54aeae,1000000,true,1,286097408
rust,a1e31dc403e5+src.24beb50ee9ec,prolly-compare-v1,1000000,fresh,clustered,point_read,100000,40057667,400.577,2496401.001,97982a098e54aeae,1000000,true,1,286097408
rust,a1e31dc403e5+src.24beb50ee9ec,prolly-compare-v1,1000000,fresh,clustered,range_scan,1000000,4530209,4.530,220740367.608,97982a098e54aeae,1000000,true,1,286097408
dolt-go,9e80d3aa2cf8+runner.6bf12dc88bef,prolly-compare-v1,1000000,mutation,append,write,300000,300360750,1001.202,998798.944,5b78f26021f8f5fe,1300000,true,1,377339904
dolt-go,9e80d3aa2cf8+runner.6bf12dc88bef,prolly-compare-v1,1000000,mutation,append,point_read,100000,48276583,482.766,2071397.638,5b78f26021f8f5fe,1300000,true,1,377339904
dolt-go,9e80d3aa2cf8+runner.6bf12dc88bef,prolly-compare-v1,1000000,mutation,append,range_scan,1300000,34781625,26.755,37376057.042,5b78f26021f8f5fe,1300000,true,1,377339904
rust,a1e31dc403e5+src.24beb50ee9ec,prolly-compare-v1,1000000,mutation,append,write,300000,80830208,269.434,3711483.707,5b78f26021f8f5fe,1300000,true,1,336855040
rust,a1e31dc403e5+src.24beb50ee9ec,prolly-compare-v1,1000000,mutation,append,point_read,100000,12860500,128.605,7775747.444,5b78f26021f8f5fe,1300000,true,1,336855040
rust,a1e31dc403e5+src.24beb50ee9ec,prolly-compare-v1,1000000,mutation,append,range_scan,1300000,6752750,5.194,192514160.897,5b78f26021f8f5fe,1300000,true,1,336855040
dolt-go,9e80d3aa2cf8+runner.6bf12dc88bef,prolly-compare-v1,1000000,mutation,random,write,300000,1195151375,3983.838,251014.228,31410e2e26ae4359,1150000,true,1,903479296
dolt-go,9e80d3aa2cf8+runner.6bf12dc88bef,prolly-compare-v1,1000000,mutation,random,point_read,100000,114721916,1147.219,871673.029,31410e2e26ae4359,1150000,true,1,903479296
dolt-go,9e80d3aa2cf8+runner.6bf12dc88bef,prolly-compare-v1,1000000,mutation,random,range_scan,1150000,30082375,26.159,38228364.615,31410e2e26ae4359,1150000,true,1,903479296
rust,a1e31dc403e5+src.24beb50ee9ec,prolly-compare-v1,1000000,mutation,random,write,300000,642597375,2141.991,466855.315,31410e2e26ae4359,1150000,true,1,766361600
rust,a1e31dc403e5+src.24beb50ee9ec,prolly-compare-v1,1000000,mutation,random,point_read,100000,39670917,396.709,2520738.303,31410e2e26ae4359,1150000,true,1,766361600
rust,a1e31dc403e5+src.24beb50ee9ec,prolly-compare-v1,1000000,mutation,random,range_scan,1150000,5441917,4.732,211322590.918,31410e2e26ae4359,1150000,true,1,766361600
rust,a1e31dc403e5+src.24beb50ee9ec,prolly-compare-v1,1000000,mutation,clustered,write,300000,141648667,472.162,2117916.154,800dca3c814e1e50,1150000,true,1,396951552
rust,a1e31dc403e5+src.24beb50ee9ec,prolly-compare-v1,1000000,mutation,clustered,point_read,100000,10981583,109.816,9106155.278,800dca3c814e1e50,1150000,true,1,396951552
rust,a1e31dc403e5+src.24beb50ee9ec,prolly-compare-v1,1000000,mutation,clustered,range_scan,1150000,5696041,4.953,201894614.171,800dca3c814e1e50,1150000,true,1,396951552
dolt-go,9e80d3aa2cf8+runner.6bf12dc88bef,prolly-compare-v1,1000000,mutation,clustered,write,300000,212321791,707.739,1412949.649,800dca3c814e1e50,1150000,true,1,375521280
dolt-go,9e80d3aa2cf8+runner.6bf12dc88bef,prolly-compare-v1,1000000,mutation,clustered,point_read,100000,47168250,471.683,2120070.174,800dca3c814e1e50,1150000,true,1,375521280
dolt-go,9e80d3aa2cf8+runner.6bf12dc88bef,prolly-compare-v1,1000000,mutation,clustered,range_scan,1150000,27670292,24.061,41560819.091,800dca3c814e1e50,1150000,true,1,375521280
dolt-go,9e80d3aa2cf8+runner.6bf12dc88bef,prolly-compare-v1,1000000,fresh,append,write,1000000,957193625,957.194,1044720.706,9022bebe1b37f1a0,1000000,true,2,390283264
dolt-go,9e80d3aa2cf8+runner.6bf12dc88bef,prolly-compare-v1,1000000,fresh,append,point_read,100000,89321750,893.217,1119548.150,9022bebe1b37f1a0,1000000,true,2,390283264
dolt-go,9e80d3aa2cf8+runner.6bf12dc88bef,prolly-compare-v1,1000000,fresh,append,range_scan,1000000,23742250,23.742,42119007.255,9022bebe1b37f1a0,1000000,true,2,390283264
rust,a1e31dc403e5+src.24beb50ee9ec,prolly-compare-v1,1000000,fresh,append,write,1000000,273313208,273.313,3658805.981,9022bebe1b37f1a0,1000000,true,2,284721152
rust,a1e31dc403e5+src.24beb50ee9ec,prolly-compare-v1,1000000,fresh,append,point_read,100000,41829875,418.299,2390635.879,9022bebe1b37f1a0,1000000,true,2,284721152
rust,a1e31dc403e5+src.24beb50ee9ec,prolly-compare-v1,1000000,fresh,append,range_scan,1000000,5086042,5.086,196616543.867,9022bebe1b37f1a0,1000000,true,2,284721152
dolt-go,9e80d3aa2cf8+runner.6bf12dc88bef,prolly-compare-v1,1000000,fresh,random,write,1000000,2381384833,2381.385,419923.729,1ea63edc2fc9d3ae,1000000,true,2,1294925824
dolt-go,9e80d3aa2cf8+runner.6bf12dc88bef,prolly-compare-v1,1000000,fresh,random,point_read,100000,96653833,966.538,1034620.117,1ea63edc2fc9d3ae,1000000,true,2,1294925824
dolt-go,9e80d3aa2cf8+runner.6bf12dc88bef,prolly-compare-v1,1000000,fresh,random,range_scan,1000000,24879542,24.880,40193665.944,1ea63edc2fc9d3ae,1000000,true,2,1294925824
rust,a1e31dc403e5+src.24beb50ee9ec,prolly-compare-v1,1000000,fresh,random,write,1000000,585790041,585.790,1707096.280,1ea63edc2fc9d3ae,1000000,true,2,284622848
rust,a1e31dc403e5+src.24beb50ee9ec,prolly-compare-v1,1000000,fresh,random,point_read,100000,42673083,426.731,2343397.593,1ea63edc2fc9d3ae,1000000,true,2,284622848
rust,a1e31dc403e5+src.24beb50ee9ec,prolly-compare-v1,1000000,fresh,random,range_scan,1000000,4869250,4.869,205370436.926,1ea63edc2fc9d3ae,1000000,true,2,284622848
rust,a1e31dc403e5+src.24beb50ee9ec,prolly-compare-v1,1000000,fresh,clustered,write,1000000,373366708,373.367,2678331.995,97982a098e54aeae,1000000,true,2,286687232
rust,a1e31dc403e5+src.24beb50ee9ec,prolly-compare-v1,1000000,fresh,clustered,point_read,100000,44937459,449.375,2225314.965,97982a098e54aeae,1000000,true,2,286687232
rust,a1e31dc403e5+src.24beb50ee9ec,prolly-compare-v1,1000000,fresh,clustered,range_scan,1000000,4757917,4.758,210176007.694,97982a098e54aeae,1000000,true,2,286687232
dolt-go,9e80d3aa2cf8+runner.6bf12dc88bef,prolly-compare-v1,1000000,fresh,clustered,write,1000000,836845542,836.846,1194963.646,97982a098e54aeae,1000000,true,2,443334656
dolt-go,9e80d3aa2cf8+runner.6bf12dc88bef,prolly-compare-v1,1000000,fresh,clustered,point_read,100000,104947083,1049.471,952861.167,97982a098e54aeae,1000000,true,2,443334656
dolt-go,9e80d3aa2cf8+runner.6bf12dc88bef,prolly-compare-v1,1000000,fresh,clustered,range_scan,1000000,25022375,25.022,39964232.012,97982a098e54aeae,1000000,true,2,443334656
rust,a1e31dc403e5+src.24beb50ee9ec,prolly-compare-v1,1000000,mutation,append,write,300000,80842208,269.474,3710932.784,5b78f26021f8f5fe,1300000,true,2,336969728
rust,a1e31dc403e5+src.24beb50ee9ec,prolly-compare-v1,1000000,mutation,append,point_read,100000,12865291,128.653,7772851.776,5b78f26021f8f5fe,1300000,true,2,336969728
rust,a1e31dc403e5+src.24beb50ee9ec,prolly-compare-v1,1000000,mutation,append,range_scan,1300000,6469000,4.976,200958417.066,5b78f26021f8f5fe,1300000,true,2,336969728
dolt-go,9e80d3aa2cf8+runner.6bf12dc88bef,prolly-compare-v1,1000000,mutation,append,write,300000,332267542,1107.558,902886.867,5b78f26021f8f5fe,1300000,true,2,375619584
dolt-go,9e80d3aa2cf8+runner.6bf12dc88bef,prolly-compare-v1,1000000,mutation,append,point_read,100000,47066708,470.667,2124644.027,5b78f26021f8f5fe,1300000,true,2,375619584
dolt-go,9e80d3aa2cf8+runner.6bf12dc88bef,prolly-compare-v1,1000000,mutation,append,range_scan,1300000,31290083,24.069,41546709.863,5b78f26021f8f5fe,1300000,true,2,375619584
rust,a1e31dc403e5+src.24beb50ee9ec,prolly-compare-v1,1000000,mutation,random,write,300000,594126750,1980.422,504942.758,31410e2e26ae4359,1150000,true,2,766476288
rust,a1e31dc403e5+src.24beb50ee9ec,prolly-compare-v1,1000000,mutation,random,point_read,100000,39668625,396.686,2520883.948,31410e2e26ae4359,1150000,true,2,766476288
rust,a1e31dc403e5+src.24beb50ee9ec,prolly-compare-v1,1000000,mutation,random,range_scan,1150000,5425417,4.718,211965273.821,31410e2e26ae4359,1150000,true,2,766476288
dolt-go,9e80d3aa2cf8+runner.6bf12dc88bef,prolly-compare-v1,1000000,mutation,random,write,300000,1207651084,4025.504,248416.123,31410e2e26ae4359,1150000,true,2,904593408
dolt-go,9e80d3aa2cf8+runner.6bf12dc88bef,prolly-compare-v1,1000000,mutation,random,point_read,100000,98369500,983.695,1016575.260,31410e2e26ae4359,1150000,true,2,904593408
dolt-go,9e80d3aa2cf8+runner.6bf12dc88bef,prolly-compare-v1,1000000,mutation,random,range_scan,1150000,28601709,24.871,40207387.608,31410e2e26ae4359,1150000,true,2,904593408
dolt-go,9e80d3aa2cf8+runner.6bf12dc88bef,prolly-compare-v1,1000000,mutation,clustered,write,300000,210241417,700.805,1426931.022,800dca3c814e1e50,1150000,true,2,376078336
dolt-go,9e80d3aa2cf8+runner.6bf12dc88bef,prolly-compare-v1,1000000,mutation,clustered,point_read,100000,49199709,491.997,2032532.347,800dca3c814e1e50,1150000,true,2,376078336
dolt-go,9e80d3aa2cf8+runner.6bf12dc88bef,prolly-compare-v1,1000000,mutation,clustered,range_scan,1150000,28127917,24.459,40884648.515,800dca3c814e1e50,1150000,true,2,376078336
rust,a1e31dc403e5+src.24beb50ee9ec,prolly-compare-v1,1000000,mutation,clustered,write,300000,150989333,503.298,1986895.326,800dca3c814e1e50,1150000,true,2,397230080
rust,a1e31dc403e5+src.24beb50ee9ec,prolly-compare-v1,1000000,mutation,clustered,point_read,100000,11412375,114.124,8762417.989,800dca3c814e1e50,1150000,true,2,397230080
rust,a1e31dc403e5+src.24beb50ee9ec,prolly-compare-v1,1000000,mutation,clustered,range_scan,1150000,6455959,5.614,178130003.614,800dca3c814e1e50,1150000,true,2,397230080
rust,a1e31dc403e5+src.24beb50ee9ec,prolly-compare-v1,1000000,fresh,append,write,1000000,269364959,269.365,3712435.365,9022bebe1b37f1a0,1000000,true,3,284098560
rust,a1e31dc403e5+src.24beb50ee9ec,prolly-compare-v1,1000000,fresh,append,point_read,100000,40841708,408.417,2448477.424,9022bebe1b37f1a0,1000000,true,3,284098560
rust,a1e31dc403e5+src.24beb50ee9ec,prolly-compare-v1,1000000,fresh,append,range_scan,1000000,4678917,4.679,213724671.756,9022bebe1b37f1a0,1000000,true,3,284098560
dolt-go,9e80d3aa2cf8+runner.6bf12dc88bef,prolly-compare-v1,1000000,fresh,append,write,1000000,941348416,941.348,1062305.925,9022bebe1b37f1a0,1000000,true,3,394149888
dolt-go,9e80d3aa2cf8+runner.6bf12dc88bef,prolly-compare-v1,1000000,fresh,append,point_read,100000,89026542,890.265,1123260.522,9022bebe1b37f1a0,1000000,true,3,394149888
dolt-go,9e80d3aa2cf8+runner.6bf12dc88bef,prolly-compare-v1,1000000,fresh,append,range_scan,1000000,23726542,23.727,42146891.865,9022bebe1b37f1a0,1000000,true,3,394149888
rust,a1e31dc403e5+src.24beb50ee9ec,prolly-compare-v1,1000000,fresh,random,write,1000000,519862250,519.862,1923586.489,1ea63edc2fc9d3ae,1000000,true,3,286097408
rust,a1e31dc403e5+src.24beb50ee9ec,prolly-compare-v1,1000000,fresh,random,point_read,100000,40312792,403.128,2480602.187,1ea63edc2fc9d3ae,1000000,true,3,286097408
rust,a1e31dc403e5+src.24beb50ee9ec,prolly-compare-v1,1000000,fresh,random,range_scan,1000000,4547000,4.547,219925225.423,1ea63edc2fc9d3ae,1000000,true,3,286097408
dolt-go,9e80d3aa2cf8+runner.6bf12dc88bef,prolly-compare-v1,1000000,fresh,random,write,1000000,2277356167,2277.356,439105.668,1ea63edc2fc9d3ae,1000000,true,3,1296121856
dolt-go,9e80d3aa2cf8+runner.6bf12dc88bef,prolly-compare-v1,1000000,fresh,random,point_read,100000,93851000,938.510,1065518.748,1ea63edc2fc9d3ae,1000000,true,3,1296121856
dolt-go,9e80d3aa2cf8+runner.6bf12dc88bef,prolly-compare-v1,1000000,fresh,random,range_scan,1000000,24987417,24.987,40020142.938,1ea63edc2fc9d3ae,1000000,true,3,1296121856
dolt-go,9e80d3aa2cf8+runner.6bf12dc88bef,prolly-compare-v1,1000000,fresh,clustered,write,1000000,814104500,814.105,1228343.536,97982a098e54aeae,1000000,true,3,442777600
dolt-go,9e80d3aa2cf8+runner.6bf12dc88bef,prolly-compare-v1,1000000,fresh,clustered,point_read,100000,90238458,902.385,1108174.965,97982a098e54aeae,1000000,true,3,442777600
dolt-go,9e80d3aa2cf8+runner.6bf12dc88bef,prolly-compare-v1,1000000,fresh,clustered,range_scan,1000000,24224167,24.224,41281089.253,97982a098e54aeae,1000000,true,3,442777600
rust,a1e31dc403e5+src.24beb50ee9ec,prolly-compare-v1,1000000,fresh,clustered,write,1000000,371211125,371.211,2693884.781,97982a098e54aeae,1000000,true,3,286179328
rust,a1e31dc403e5+src.24beb50ee9ec,prolly-compare-v1,1000000,fresh,clustered,point_read,100000,40379208,403.792,2476522.075,97982a098e54aeae,1000000,true,3,286179328
rust,a1e31dc403e5+src.24beb50ee9ec,prolly-compare-v1,1000000,fresh,clustered,range_scan,1000000,4532958,4.533,220606500.215,97982a098e54aeae,1000000,true,3,286179328
dolt-go,9e80d3aa2cf8+runner.6bf12dc88bef,prolly-compare-v1,1000000,mutation,append,write,300000,306964750,1023.216,977310.913,5b78f26021f8f5fe,1300000,true,3,376733696
dolt-go,9e80d3aa2cf8+runner.6bf12dc88bef,prolly-compare-v1,1000000,mutation,append,point_read,100000,46978750,469.788,2128621.983,5b78f26021f8f5fe,1300000,true,3,376733696
dolt-go,9e80d3aa2cf8+runner.6bf12dc88bef,prolly-compare-v1,1000000,mutation,append,range_scan,1300000,31417750,24.168,41377883.521,5b78f26021f8f5fe,1300000,true,3,376733696
rust,a1e31dc403e5+src.24beb50ee9ec,prolly-compare-v1,1000000,mutation,append,write,300000,80891125,269.637,3708688.685,5b78f26021f8f5fe,1300000,true,3,338198528
rust,a1e31dc403e5+src.24beb50ee9ec,prolly-compare-v1,1000000,mutation,append,point_read,100000,12957291,129.573,7717662.589,5b78f26021f8f5fe,1300000,true,3,338198528
rust,a1e31dc403e5+src.24beb50ee9ec,prolly-compare-v1,1000000,mutation,append,range_scan,1300000,6695666,5.151,194155443.237,5b78f26021f8f5fe,1300000,true,3,338198528
dolt-go,9e80d3aa2cf8+runner.6bf12dc88bef,prolly-compare-v1,1000000,mutation,random,write,300000,1264503125,4215.010,237247.338,31410e2e26ae4359,1150000,true,3,904642560
dolt-go,9e80d3aa2cf8+runner.6bf12dc88bef,prolly-compare-v1,1000000,mutation,random,point_read,100000,112209959,1122.100,891186.494,31410e2e26ae4359,1150000,true,3,904642560
dolt-go,9e80d3aa2cf8+runner.6bf12dc88bef,prolly-compare-v1,1000000,mutation,random,range_scan,1150000,29870333,25.974,38499738.185,31410e2e26ae4359,1150000,true,3,904642560
rust,a1e31dc403e5+src.24beb50ee9ec,prolly-compare-v1,1000000,mutation,random,write,300000,586821584,1956.072,511228.639,31410e2e26ae4359,1150000,true,3,766476288
rust,a1e31dc403e5+src.24beb50ee9ec,prolly-compare-v1,1000000,mutation,random,point_read,100000,39675792,396.758,2520428.578,31410e2e26ae4359,1150000,true,3,766476288
rust,a1e31dc403e5+src.24beb50ee9ec,prolly-compare-v1,1000000,mutation,random,range_scan,1150000,5414250,4.708,212402456.481,31410e2e26ae4359,1150000,true,3,766476288
rust,a1e31dc403e5+src.24beb50ee9ec,prolly-compare-v1,1000000,mutation,clustered,write,300000,149197667,497.326,2010755.302,800dca3c814e1e50,1150000,true,3,395952128
rust,a1e31dc403e5+src.24beb50ee9ec,prolly-compare-v1,1000000,mutation,clustered,point_read,100000,11010583,110.106,9082171.217,800dca3c814e1e50,1150000,true,3,395952128
rust,a1e31dc403e5+src.24beb50ee9ec,prolly-compare-v1,1000000,mutation,clustered,range_scan,1150000,5817375,5.059,197683663.164,800dca3c814e1e50,1150000,true,3,395952128
dolt-go,9e80d3aa2cf8+runner.6bf12dc88bef,prolly-compare-v1,1000000,mutation,clustered,write,300000,227426125,758.087,1319109.667,800dca3c814e1e50,1150000,true,3,376160256
dolt-go,9e80d3aa2cf8+runner.6bf12dc88bef,prolly-compare-v1,1000000,mutation,clustered,point_read,100000,46407125,464.071,2154841.525,800dca3c814e1e50,1150000,true,3,376160256
dolt-go,9e80d3aa2cf8+runner.6bf12dc88bef,prolly-compare-v1,1000000,mutation,clustered,range_scan,1150000,27548291,23.955,41744876.297,800dca3c814e1e50,1150000,true,3,376160256
rust,a1e31dc403e5+src.24beb50ee9ec,prolly-compare-v1,5000000,fresh,append,write,5000000,1361465250,272.293,3672513.860,d1647945eb322bb6,5000000,true,1,1369653248
rust,a1e31dc403e5+src.24beb50ee9ec,prolly-compare-v1,5000000,fresh,append,point_read,100000,67820125,678.201,1474488.583,d1647945eb322bb6,5000000,true,1,1369653248
rust,a1e31dc403e5+src.24beb50ee9ec,prolly-compare-v1,5000000,fresh,append,range_scan,5000000,25772000,5.154,194009002.018,d1647945eb322bb6,5000000,true,1,1369653248
dolt-go,9e80d3aa2cf8+runner.6bf12dc88bef,prolly-compare-v1,5000000,fresh,append,write,5000000,5193607083,1038.721,962722.039,d1647945eb322bb6,5000000,true,1,1868693504
dolt-go,9e80d3aa2cf8+runner.6bf12dc88bef,prolly-compare-v1,5000000,fresh,append,point_read,100000,115973250,1159.733,862267.807,d1647945eb322bb6,5000000,true,1,1868693504
dolt-go,9e80d3aa2cf8+runner.6bf12dc88bef,prolly-compare-v1,5000000,fresh,append,range_scan,5000000,172626125,34.525,28964329.704,d1647945eb322bb6,5000000,true,1,1868693504
rust,a1e31dc403e5+src.24beb50ee9ec,prolly-compare-v1,5000000,fresh,random,write,5000000,3748019167,749.604,1334038.002,381618c8cd44f2be,5000000,true,1,1368948736
rust,a1e31dc403e5+src.24beb50ee9ec,prolly-compare-v1,5000000,fresh,random,point_read,100000,67533708,675.337,1480742.032,381618c8cd44f2be,5000000,true,1,1368948736
rust,a1e31dc403e5+src.24beb50ee9ec,prolly-compare-v1,5000000,fresh,random,range_scan,5000000,25583917,5.117,195435280.688,381618c8cd44f2be,5000000,true,1,1368948736
dolt-go,9e80d3aa2cf8+runner.6bf12dc88bef,prolly-compare-v1,5000000,fresh,random,write,5000000,13293316083,2658.663,376128.873,381618c8cd44f2be,5000000,true,1,5676204032
dolt-go,9e80d3aa2cf8+runner.6bf12dc88bef,prolly-compare-v1,5000000,fresh,random,point_read,100000,123678000,1236.780,808551.238,381618c8cd44f2be,5000000,true,1,5676204032
dolt-go,9e80d3aa2cf8+runner.6bf12dc88bef,prolly-compare-v1,5000000,fresh,random,range_scan,5000000,183157791,36.632,27298866.036,381618c8cd44f2be,5000000,true,1,5676204032
dolt-go,9e80d3aa2cf8+runner.6bf12dc88bef,prolly-compare-v1,5000000,fresh,clustered,write,5000000,4269932000,853.986,1170978.835,8ef05bfe0e072492,5000000,true,1,2109227008
dolt-go,9e80d3aa2cf8+runner.6bf12dc88bef,prolly-compare-v1,5000000,fresh,clustered,point_read,100000,117114875,1171.149,853862.500,8ef05bfe0e072492,5000000,true,1,2109227008
dolt-go,9e80d3aa2cf8+runner.6bf12dc88bef,prolly-compare-v1,5000000,fresh,clustered,range_scan,5000000,170991667,34.198,29241191.034,8ef05bfe0e072492,5000000,true,1,2109227008
rust,a1e31dc403e5+src.24beb50ee9ec,prolly-compare-v1,5000000,fresh,clustered,write,5000000,1971194333,394.239,2536533.266,8ef05bfe0e072492,5000000,true,1,1369669632
rust,a1e31dc403e5+src.24beb50ee9ec,prolly-compare-v1,5000000,fresh,clustered,point_read,100000,67343125,673.431,1484932.575,8ef05bfe0e072492,5000000,true,1,1369669632
rust,a1e31dc403e5+src.24beb50ee9ec,prolly-compare-v1,5000000,fresh,clustered,range_scan,5000000,25586792,5.117,195413321.060,8ef05bfe0e072492,5000000,true,1,1369669632
dolt-go,9e80d3aa2cf8+runner.6bf12dc88bef,prolly-compare-v1,5000000,mutation,append,write,1500000,1608856834,1072.571,932339.018,d63ec1ddc44a3175,6500000,true,1,1706033152
dolt-go,9e80d3aa2cf8+runner.6bf12dc88bef,prolly-compare-v1,5000000,mutation,append,point_read,100000,49620500,496.205,2015296.097,d63ec1ddc44a3175,6500000,true,1,1706033152
dolt-go,9e80d3aa2cf8+runner.6bf12dc88bef,prolly-compare-v1,5000000,mutation,append,range_scan,6500000,219472292,33.765,29616494.824,d63ec1ddc44a3175,6500000,true,1,1706033152
rust,a1e31dc403e5+src.24beb50ee9ec,prolly-compare-v1,5000000,mutation,append,write,1500000,430205000,286.803,3486709.824,d63ec1ddc44a3175,6500000,true,1,1645330432
rust,a1e31dc403e5+src.24beb50ee9ec,prolly-compare-v1,5000000,mutation,append,point_read,100000,12559375,125.594,7962179.647,d63ec1ddc44a3175,6500000,true,1,1645330432
rust,a1e31dc403e5+src.24beb50ee9ec,prolly-compare-v1,5000000,mutation,append,range_scan,6500000,34406709,5.293,188916644.135,d63ec1ddc44a3175,6500000,true,1,1645330432
dolt-go,9e80d3aa2cf8+runner.6bf12dc88bef,prolly-compare-v1,5000000,mutation,random,write,1500000,15088164250,10058.776,99415.673,cf7592b3374c733e,5750000,true,1,6050283520
dolt-go,9e80d3aa2cf8+runner.6bf12dc88bef,prolly-compare-v1,5000000,mutation,random,point_read,100000,161095917,1610.959,620748.197,cf7592b3374c733e,5750000,true,1,6050283520
dolt-go,9e80d3aa2cf8+runner.6bf12dc88bef,prolly-compare-v1,5000000,mutation,random,range_scan,5750000,211968959,36.864,27126613.383,cf7592b3374c733e,5750000,true,1,6050283520
rust,a1e31dc403e5+src.24beb50ee9ec,prolly-compare-v1,5000000,mutation,random,write,1500000,3147443458,2098.296,476577.267,cf7592b3374c733e,5750000,true,1,3880026112
rust,a1e31dc403e5+src.24beb50ee9ec,prolly-compare-v1,5000000,mutation,random,point_read,100000,72893958,728.940,1371855.813,cf7592b3374c733e,5750000,true,1,3880026112
rust,a1e31dc403e5+src.24beb50ee9ec,prolly-compare-v1,5000000,mutation,random,range_scan,5750000,31837333,5.537,180605580.248,cf7592b3374c733e,5750000,true,1,3880026112
rust,a1e31dc403e5+src.24beb50ee9ec,prolly-compare-v1,5000000,mutation,clustered,write,1500000,708785417,472.524,2116296.363,e8f1b4b849a1800c,5750000,true,1,1944862720
rust,a1e31dc403e5+src.24beb50ee9ec,prolly-compare-v1,5000000,mutation,clustered,point_read,100000,11265208,112.652,8876888.913,e8f1b4b849a1800c,5750000,true,1,1944862720
rust,a1e31dc403e5+src.24beb50ee9ec,prolly-compare-v1,5000000,mutation,clustered,range_scan,5750000,30582333,5.319,188017048.928,e8f1b4b849a1800c,5750000,true,1,1944862720
dolt-go,9e80d3aa2cf8+runner.6bf12dc88bef,prolly-compare-v1,5000000,mutation,clustered,write,1500000,1091098625,727.399,1374761.150,e8f1b4b849a1800c,5750000,true,1,1712619520
dolt-go,9e80d3aa2cf8+runner.6bf12dc88bef,prolly-compare-v1,5000000,mutation,clustered,point_read,100000,49308041,493.080,2028066.781,e8f1b4b849a1800c,5750000,true,1,1712619520
dolt-go,9e80d3aa2cf8+runner.6bf12dc88bef,prolly-compare-v1,5000000,mutation,clustered,range_scan,5750000,206411833,35.898,27856930.082,e8f1b4b849a1800c,5750000,true,1,1712619520
dolt-go,9e80d3aa2cf8+runner.6bf12dc88bef,prolly-compare-v1,5000000,fresh,append,write,5000000,5083178125,1016.636,983636.591,d1647945eb322bb6,5000000,true,2,1904230400
dolt-go,9e80d3aa2cf8+runner.6bf12dc88bef,prolly-compare-v1,5000000,fresh,append,point_read,100000,114456708,1144.567,873692.785,d1647945eb322bb6,5000000,true,2,1904230400
dolt-go,9e80d3aa2cf8+runner.6bf12dc88bef,prolly-compare-v1,5000000,fresh,append,range_scan,5000000,163962209,32.792,30494831.891,d1647945eb322bb6,5000000,true,2,1904230400
rust,a1e31dc403e5+src.24beb50ee9ec,prolly-compare-v1,5000000,fresh,append,write,5000000,1336343333,267.269,3741553.444,d1647945eb322bb6,5000000,true,2,1372504064
rust,a1e31dc403e5+src.24beb50ee9ec,prolly-compare-v1,5000000,fresh,append,point_read,100000,67084375,670.844,1490660.083,d1647945eb322bb6,5000000,true,2,1372504064
rust,a1e31dc403e5+src.24beb50ee9ec,prolly-compare-v1,5000000,fresh,append,range_scan,5000000,24921542,4.984,200629640.012,d1647945eb322bb6,5000000,true,2,1372504064
dolt-go,9e80d3aa2cf8+runner.6bf12dc88bef,prolly-compare-v1,5000000,fresh,random,write,5000000,12414904917,2482.981,402741.707,381618c8cd44f2be,5000000,true,2,5752389632
dolt-go,9e80d3aa2cf8+runner.6bf12dc88bef,prolly-compare-v1,5000000,fresh,random,point_read,100000,119785458,1197.855,834825.877,381618c8cd44f2be,5000000,true,2,5752389632
dolt-go,9e80d3aa2cf8+runner.6bf12dc88bef,prolly-compare-v1,5000000,fresh,random,range_scan,5000000,180840459,36.168,27648680.100,381618c8cd44f2be,5000000,true,2,5752389632
rust,a1e31dc403e5+src.24beb50ee9ec,prolly-compare-v1,5000000,fresh,random,write,5000000,3720721417,744.144,1343825.414,381618c8cd44f2be,5000000,true,2,1372569600
rust,a1e31dc403e5+src.24beb50ee9ec,prolly-compare-v1,5000000,fresh,random,point_read,100000,68282458,682.825,1464504.983,381618c8cd44f2be,5000000,true,2,1372569600
rust,a1e31dc403e5+src.24beb50ee9ec,prolly-compare-v1,5000000,fresh,random,range_scan,5000000,25087625,5.018,199301448.423,381618c8cd44f2be,5000000,true,2,1372569600
rust,a1e31dc403e5+src.24beb50ee9ec,prolly-compare-v1,5000000,fresh,clustered,write,5000000,1956475208,391.295,2555616.335,8ef05bfe0e072492,5000000,true,2,1369505792
rust,a1e31dc403e5+src.24beb50ee9ec,prolly-compare-v1,5000000,fresh,clustered,point_read,100000,67188750,671.888,1488344.403,8ef05bfe0e072492,5000000,true,2,1369505792
rust,a1e31dc403e5+src.24beb50ee9ec,prolly-compare-v1,5000000,fresh,clustered,range_scan,5000000,24940250,4.988,200479145.157,8ef05bfe0e072492,5000000,true,2,1369505792
dolt-go,9e80d3aa2cf8+runner.6bf12dc88bef,prolly-compare-v1,5000000,fresh,clustered,write,5000000,4498380333,899.676,1111511.173,8ef05bfe0e072492,5000000,true,2,2106032128
dolt-go,9e80d3aa2cf8+runner.6bf12dc88bef,prolly-compare-v1,5000000,fresh,clustered,point_read,100000,118773750,1187.737,841936.876,8ef05bfe0e072492,5000000,true,2,2106032128
dolt-go,9e80d3aa2cf8+runner.6bf12dc88bef,prolly-compare-v1,5000000,fresh,clustered,range_scan,5000000,175068541,35.014,28560242.585,8ef05bfe0e072492,5000000,true,2,2106032128
rust,a1e31dc403e5+src.24beb50ee9ec,prolly-compare-v1,5000000,mutation,append,write,1500000,407880958,271.921,3677543.584,d63ec1ddc44a3175,6500000,true,2,1645543424
rust,a1e31dc403e5+src.24beb50ee9ec,prolly-compare-v1,5000000,mutation,append,point_read,100000,12565000,125.650,7958615.201,d63ec1ddc44a3175,6500000,true,2,1645543424
rust,a1e31dc403e5+src.24beb50ee9ec,prolly-compare-v1,5000000,mutation,append,range_scan,6500000,34710959,5.340,187260743.790,d63ec1ddc44a3175,6500000,true,2,1645543424
dolt-go,9e80d3aa2cf8+runner.6bf12dc88bef,prolly-compare-v1,5000000,mutation,append,write,1500000,1589972625,1059.982,943412.469,d63ec1ddc44a3175,6500000,true,2,1706115072
dolt-go,9e80d3aa2cf8+runner.6bf12dc88bef,prolly-compare-v1,5000000,mutation,append,point_read,100000,49246167,492.462,2030614.890,d63ec1ddc44a3175,6500000,true,2,1706115072
dolt-go,9e80d3aa2cf8+runner.6bf12dc88bef,prolly-compare-v1,5000000,mutation,append,range_scan,6500000,221350541,34.054,29365186.869,d63ec1ddc44a3175,6500000,true,2,1706115072
rust,a1e31dc403e5+src.24beb50ee9ec,prolly-compare-v1,5000000,mutation,random,write,1500000,3165204000,2110.136,473903.104,cf7592b3374c733e,5750000,true,2,3879239680
rust,a1e31dc403e5+src.24beb50ee9ec,prolly-compare-v1,5000000,mutation,random,point_read,100000,74866500,748.665,1335710.899,cf7592b3374c733e,5750000,true,2,3879239680
rust,a1e31dc403e5+src.24beb50ee9ec,prolly-compare-v1,5000000,mutation,random,range_scan,5750000,30981791,5.388,185592885.834,cf7592b3374c733e,5750000,true,2,3879239680
dolt-go,9e80d3aa2cf8+runner.6bf12dc88bef,prolly-compare-v1,5000000,mutation,random,write,1500000,15424885334,10283.257,97245.455,cf7592b3374c733e,5750000,true,2,6431965184
dolt-go,9e80d3aa2cf8+runner.6bf12dc88bef,prolly-compare-v1,5000000,mutation,random,point_read,100000,165375083,1653.751,604686.015,cf7592b3374c733e,5750000,true,2,6431965184
dolt-go,9e80d3aa2cf8+runner.6bf12dc88bef,prolly-compare-v1,5000000,mutation,random,range_scan,5750000,222476209,38.692,25845460.177,cf7592b3374c733e,5750000,true,2,6431965184
dolt-go,9e80d3aa2cf8+runner.6bf12dc88bef,prolly-compare-v1,5000000,mutation,clustered,write,1500000,1105937667,737.292,1356315.139,e8f1b4b849a1800c,5750000,true,2,1705803776
dolt-go,9e80d3aa2cf8+runner.6bf12dc88bef,prolly-compare-v1,5000000,mutation,clustered,point_read,100000,54119958,541.200,1847747.184,e8f1b4b849a1800c,5750000,true,2,1705803776
dolt-go,9e80d3aa2cf8+runner.6bf12dc88bef,prolly-compare-v1,5000000,mutation,clustered,range_scan,5750000,223020375,38.786,25782397.685,e8f1b4b849a1800c,5750000,true,2,1705803776
rust,a1e31dc403e5+src.24beb50ee9ec,prolly-compare-v1,5000000,mutation,clustered,write,1500000,725475334,483.650,2067609.924,e8f1b4b849a1800c,5750000,true,2,1892073472
rust,a1e31dc403e5+src.24beb50ee9ec,prolly-compare-v1,5000000,mutation,clustered,point_read,100000,11180666,111.807,8944011.028,e8f1b4b849a1800c,5750000,true,2,1892073472
rust,a1e31dc403e5+src.24beb50ee9ec,prolly-compare-v1,5000000,mutation,clustered,range_scan,5750000,32984583,5.736,174323865.183,e8f1b4b849a1800c,5750000,true,2,1892073472
rust,a1e31dc403e5+src.24beb50ee9ec,prolly-compare-v1,5000000,fresh,append,write,5000000,1389936500,277.987,3597286.639,d1647945eb322bb6,5000000,true,3,1369210880
rust,a1e31dc403e5+src.24beb50ee9ec,prolly-compare-v1,5000000,fresh,append,point_read,100000,67675750,676.758,1477634.160,d1647945eb322bb6,5000000,true,3,1369210880
rust,a1e31dc403e5+src.24beb50ee9ec,prolly-compare-v1,5000000,fresh,append,range_scan,5000000,24791333,4.958,201683386.690,d1647945eb322bb6,5000000,true,3,1369210880
dolt-go,9e80d3aa2cf8+runner.6bf12dc88bef,prolly-compare-v1,5000000,fresh,append,write,5000000,5143390209,1028.678,972121.460,d1647945eb322bb6,5000000,true,3,1856045056
dolt-go,9e80d3aa2cf8+runner.6bf12dc88bef,prolly-compare-v1,5000000,fresh,append,point_read,100000,116134584,1161.346,861069.946,d1647945eb322bb6,5000000,true,3,1856045056
dolt-go,9e80d3aa2cf8+runner.6bf12dc88bef,prolly-compare-v1,5000000,fresh,append,range_scan,5000000,165274250,33.055,30252746.571,d1647945eb322bb6,5000000,true,3,1856045056
rust,a1e31dc403e5+src.24beb50ee9ec,prolly-compare-v1,5000000,fresh,random,write,5000000,3743152500,748.630,1335772.454,381618c8cd44f2be,5000000,true,3,1369489408
rust,a1e31dc403e5+src.24beb50ee9ec,prolly-compare-v1,5000000,fresh,random,point_read,100000,67358375,673.584,1484596.385,381618c8cd44f2be,5000000,true,3,1369489408
rust,a1e31dc403e5+src.24beb50ee9ec,prolly-compare-v1,5000000,fresh,random,range_scan,5000000,24897792,4.980,200821020.595,381618c8cd44f2be,5000000,true,3,1369489408
dolt-go,9e80d3aa2cf8+runner.6bf12dc88bef,prolly-compare-v1,5000000,fresh,random,write,5000000,12713238375,2542.648,393290.824,381618c8cd44f2be,5000000,true,3,5835849728
dolt-go,9e80d3aa2cf8+runner.6bf12dc88bef,prolly-compare-v1,5000000,fresh,random,point_read,100000,134137708,1341.377,745502.525,381618c8cd44f2be,5000000,true,3,5835849728
dolt-go,9e80d3aa2cf8+runner.6bf12dc88bef,prolly-compare-v1,5000000,fresh,random,range_scan,5000000,189149208,37.830,26434157.736,381618c8cd44f2be,5000000,true,3,5835849728
dolt-go,9e80d3aa2cf8+runner.6bf12dc88bef,prolly-compare-v1,5000000,fresh,clustered,write,5000000,4306167916,861.234,1161125.181,8ef05bfe0e072492,5000000,true,3,2100428800
dolt-go,9e80d3aa2cf8+runner.6bf12dc88bef,prolly-compare-v1,5000000,fresh,clustered,point_read,100000,115523500,1155.235,865624.743,8ef05bfe0e072492,5000000,true,3,2100428800
dolt-go,9e80d3aa2cf8+runner.6bf12dc88bef,prolly-compare-v1,5000000,fresh,clustered,range_scan,5000000,169169375,33.834,29556177.056,8ef05bfe0e072492,5000000,true,3,2100428800
rust,a1e31dc403e5+src.24beb50ee9ec,prolly-compare-v1,5000000,fresh,clustered,write,5000000,2004844834,400.969,2493958.592,8ef05bfe0e072492,5000000,true,3,1373569024
rust,a1e31dc403e5+src.24beb50ee9ec,prolly-compare-v1,5000000,fresh,clustered,point_read,100000,76195125,761.951,1312419.922,8ef05bfe0e072492,5000000,true,3,1373569024
rust,a1e31dc403e5+src.24beb50ee9ec,prolly-compare-v1,5000000,fresh,clustered,range_scan,5000000,25792708,5.159,193853239.450,8ef05bfe0e072492,5000000,true,3,1373569024
dolt-go,9e80d3aa2cf8+runner.6bf12dc88bef,prolly-compare-v1,5000000,mutation,append,write,1500000,1606477417,1070.985,933719.942,d63ec1ddc44a3175,6500000,true,3,1706016768
dolt-go,9e80d3aa2cf8+runner.6bf12dc88bef,prolly-compare-v1,5000000,mutation,append,point_read,100000,54067708,540.677,1849532.812,d63ec1ddc44a3175,6500000,true,3,1706016768
dolt-go,9e80d3aa2cf8+runner.6bf12dc88bef,prolly-compare-v1,5000000,mutation,append,range_scan,6500000,267050709,41.085,24339946.613,d63ec1ddc44a3175,6500000,true,3,1706016768
rust,a1e31dc403e5+src.24beb50ee9ec,prolly-compare-v1,5000000,mutation,append,write,1500000,445991334,297.328,3363294.050,d63ec1ddc44a3175,6500000,true,3,1645494272
rust,a1e31dc403e5+src.24beb50ee9ec,prolly-compare-v1,5000000,mutation,append,point_read,100000,12555542,125.555,7964610.369,d63ec1ddc44a3175,6500000,true,3,1645494272
rust,a1e31dc403e5+src.24beb50ee9ec,prolly-compare-v1,5000000,mutation,append,range_scan,6500000,40902917,6.293,158912871.666,d63ec1ddc44a3175,6500000,true,3,1645494272
dolt-go,9e80d3aa2cf8+runner.6bf12dc88bef,prolly-compare-v1,5000000,mutation,random,write,1500000,14803033083,9868.689,101330.585,cf7592b3374c733e,5750000,true,3,7727857664
dolt-go,9e80d3aa2cf8+runner.6bf12dc88bef,prolly-compare-v1,5000000,mutation,random,point_read,100000,165395208,1653.952,604612.438,cf7592b3374c733e,5750000,true,3,7727857664
dolt-go,9e80d3aa2cf8+runner.6bf12dc88bef,prolly-compare-v1,5000000,mutation,random,range_scan,5750000,224941125,39.120,25562244.343,cf7592b3374c733e,5750000,true,3,7727857664
rust,a1e31dc403e5+src.24beb50ee9ec,prolly-compare-v1,5000000,mutation,random,write,1500000,3165147167,2110.098,473911.613,cf7592b3374c733e,5750000,true,3,3784900608
rust,a1e31dc403e5+src.24beb50ee9ec,prolly-compare-v1,5000000,mutation,random,point_read,100000,72078500,720.785,1387376.263,cf7592b3374c733e,5750000,true,3,3784900608
rust,a1e31dc403e5+src.24beb50ee9ec,prolly-compare-v1,5000000,mutation,random,range_scan,5750000,30395875,5.286,189170405.524,cf7592b3374c733e,5750000,true,3,3784900608
rust,a1e31dc403e5+src.24beb50ee9ec,prolly-compare-v1,5000000,mutation,clustered,write,1500000,728324834,485.550,2059520.601,e8f1b4b849a1800c,5750000,true,3,1915371520
rust,a1e31dc403e5+src.24beb50ee9ec,prolly-compare-v1,5000000,mutation,clustered,point_read,100000,11158625,111.586,8961677.626,e8f1b4b849a1800c,5750000,true,3,1915371520
rust,a1e31dc403e5+src.24beb50ee9ec,prolly-compare-v1,5000000,mutation,clustered,range_scan,5750000,31471208,5.473,182706682.247,e8f1b4b849a1800c,5750000,true,3,1915371520
dolt-go,9e80d3aa2cf8+runner.6bf12dc88bef,prolly-compare-v1,5000000,mutation,clustered,write,1500000,1095841542,730.561,1368811.039,e8f1b4b849a1800c,5750000,true,3,1710702592
dolt-go,9e80d3aa2cf8+runner.6bf12dc88bef,prolly-compare-v1,5000000,mutation,clustered,point_read,100000,49097625,490.976,2036758.397,e8f1b4b849a1800c,5750000,true,3,1710702592
dolt-go,9e80d3aa2cf8+runner.6bf12dc88bef,prolly-compare-v1,5000000,mutation,clustered,range_scan,5750000,199647834,34.721,28800713.160,e8f1b4b849a1800c,5750000,true,3,1710702592
rust,a1e31dc403e5+src.24beb50ee9ec,prolly-compare-v1,10000000,fresh,append,write,10000000,2694938209,269.494,3710660.217,f7849416b3dcc750,10000000,true,1,2635710464
rust,a1e31dc403e5+src.24beb50ee9ec,prolly-compare-v1,10000000,fresh,append,point_read,100000,89229292,892.293,1120708.209,f7849416b3dcc750,10000000,true,1,2635710464
rust,a1e31dc403e5+src.24beb50ee9ec,prolly-compare-v1,10000000,fresh,append,range_scan,10000000,63364667,6.336,157816658.296,f7849416b3dcc750,10000000,true,1,2635710464
dolt-go,9e80d3aa2cf8+runner.6bf12dc88bef,prolly-compare-v1,10000000,fresh,append,write,10000000,10491699917,1049.170,953134.390,f7849416b3dcc750,10000000,true,1,3776086016
dolt-go,9e80d3aa2cf8+runner.6bf12dc88bef,prolly-compare-v1,10000000,fresh,append,point_read,100000,150598000,1505.980,664019.442,f7849416b3dcc750,10000000,true,1,3776086016
dolt-go,9e80d3aa2cf8+runner.6bf12dc88bef,prolly-compare-v1,10000000,fresh,append,range_scan,10000000,398929542,39.893,25067083.149,f7849416b3dcc750,10000000,true,1,3776086016
rust,a1e31dc403e5+src.24beb50ee9ec,prolly-compare-v1,10000000,fresh,random,write,10000000,9756152042,975.615,1024994.276,4d41b1d77b2f6508,10000000,true,1,2726559744
rust,a1e31dc403e5+src.24beb50ee9ec,prolly-compare-v1,10000000,fresh,random,point_read,100000,106522542,1065.225,938768.435,4d41b1d77b2f6508,10000000,true,1,2726559744
rust,a1e31dc403e5+src.24beb50ee9ec,prolly-compare-v1,10000000,fresh,random,range_scan,10000000,59141709,5.914,169085408.066,4d41b1d77b2f6508,10000000,true,1,2726559744
dolt-go,9e80d3aa2cf8+runner.6bf12dc88bef,prolly-compare-v1,10000000,fresh,random,write,10000000,80055628042,8005.563,124913.142,4d41b1d77b2f6508,10000000,true,1,7127678976
dolt-go,9e80d3aa2cf8+runner.6bf12dc88bef,prolly-compare-v1,10000000,fresh,random,point_read,100000,184173791,1841.738,542965.421,4d41b1d77b2f6508,10000000,true,1,7127678976
dolt-go,9e80d3aa2cf8+runner.6bf12dc88bef,prolly-compare-v1,10000000,fresh,random,range_scan,10000000,461312833,46.131,21677263.854,4d41b1d77b2f6508,10000000,true,1,7127678976
dolt-go,9e80d3aa2cf8+runner.6bf12dc88bef,prolly-compare-v1,10000000,fresh,clustered,write,10000000,9288169083,928.817,1076638.454,6966fef6c9ae31a0,10000000,true,1,4161601536
dolt-go,9e80d3aa2cf8+runner.6bf12dc88bef,prolly-compare-v1,10000000,fresh,clustered,point_read,100000,180586792,1805.868,553750.354,6966fef6c9ae31a0,10000000,true,1,4161601536
dolt-go,9e80d3aa2cf8+runner.6bf12dc88bef,prolly-compare-v1,10000000,fresh,clustered,range_scan,10000000,426044958,42.604,23471701.313,6966fef6c9ae31a0,10000000,true,1,4161601536
rust,a1e31dc403e5+src.24beb50ee9ec,prolly-compare-v1,10000000,fresh,clustered,write,10000000,4796920042,479.692,2084670.979,6966fef6c9ae31a0,10000000,true,1,2723233792
rust,a1e31dc403e5+src.24beb50ee9ec,prolly-compare-v1,10000000,fresh,clustered,point_read,100000,108186250,1081.862,924331.881,6966fef6c9ae31a0,10000000,true,1,2723233792
rust,a1e31dc403e5+src.24beb50ee9ec,prolly-compare-v1,10000000,fresh,clustered,range_scan,10000000,61057083,6.106,163781161.966,6966fef6c9ae31a0,10000000,true,1,2723233792
dolt-go,9e80d3aa2cf8+runner.6bf12dc88bef,prolly-compare-v1,10000000,mutation,append,write,3000000,3432076500,1144.025,874106.390,f87678739d7b42d0,13000000,true,1,3390930944
dolt-go,9e80d3aa2cf8+runner.6bf12dc88bef,prolly-compare-v1,10000000,mutation,append,point_read,100000,57400958,574.010,1742131.203,f87678739d7b42d0,13000000,true,1,3390930944
dolt-go,9e80d3aa2cf8+runner.6bf12dc88bef,prolly-compare-v1,10000000,mutation,append,range_scan,13000000,563162583,43.320,23083919.977,f87678739d7b42d0,13000000,true,1,3390930944
rust,a1e31dc403e5+src.24beb50ee9ec,prolly-compare-v1,10000000,mutation,append,write,3000000,871026542,290.342,3444211.922,f87678739d7b42d0,13000000,true,1,3289726976
rust,a1e31dc403e5+src.24beb50ee9ec,prolly-compare-v1,10000000,mutation,append,point_read,100000,13315750,133.157,7509903.685,f87678739d7b42d0,13000000,true,1,3289726976
rust,a1e31dc403e5+src.24beb50ee9ec,prolly-compare-v1,10000000,mutation,append,range_scan,13000000,88725875,6.825,146518701.563,f87678739d7b42d0,13000000,true,1,3289726976
dolt-go,9e80d3aa2cf8+runner.6bf12dc88bef,prolly-compare-v1,10000000,mutation,random,write,3000000,38463205917,12821.069,77996.619,e6dbf9a1f5bf1fbb,11500000,true,1,18585632768
dolt-go,9e80d3aa2cf8+runner.6bf12dc88bef,prolly-compare-v1,10000000,mutation,random,point_read,100000,463305250,4633.052,215840.421,e6dbf9a1f5bf1fbb,11500000,true,1,18585632768
dolt-go,9e80d3aa2cf8+runner.6bf12dc88bef,prolly-compare-v1,10000000,mutation,random,range_scan,11500000,781212709,67.932,14720702.656,e6dbf9a1f5bf1fbb,11500000,true,1,18585632768
rust,a1e31dc403e5+src.24beb50ee9ec,prolly-compare-v1,10000000,mutation,random,write,3000000,7264219500,2421.407,412983.115,e6dbf9a1f5bf1fbb,11500000,true,1,7540752384
rust,a1e31dc403e5+src.24beb50ee9ec,prolly-compare-v1,10000000,mutation,random,point_read,100000,102211000,1022.110,978368.277,e6dbf9a1f5bf1fbb,11500000,true,1,7540752384
rust,a1e31dc403e5+src.24beb50ee9ec,prolly-compare-v1,10000000,mutation,random,range_scan,11500000,69561041,6.049,165322425.235,e6dbf9a1f5bf1fbb,11500000,true,1,7540752384
rust,a1e31dc403e5+src.24beb50ee9ec,prolly-compare-v1,10000000,mutation,clustered,write,3000000,1567188291,522.396,1914256.262,6ca617ea012d7c88,11500000,true,1,4300242944
rust,a1e31dc403e5+src.24beb50ee9ec,prolly-compare-v1,10000000,mutation,clustered,point_read,100000,11566667,115.667,8645532.892,6ca617ea012d7c88,11500000,true,1,4300242944
rust,a1e31dc403e5+src.24beb50ee9ec,prolly-compare-v1,10000000,mutation,clustered,range_scan,11500000,94575334,8.224,121596187.014,6ca617ea012d7c88,11500000,true,1,4300242944
dolt-go,9e80d3aa2cf8+runner.6bf12dc88bef,prolly-compare-v1,10000000,mutation,clustered,write,3000000,2305851375,768.617,1301037.887,6ca617ea012d7c88,11500000,true,1,3388375040
dolt-go,9e80d3aa2cf8+runner.6bf12dc88bef,prolly-compare-v1,10000000,mutation,clustered,point_read,100000,54722625,547.226,1827397.717,6ca617ea012d7c88,11500000,true,1,3388375040
dolt-go,9e80d3aa2cf8+runner.6bf12dc88bef,prolly-compare-v1,10000000,mutation,clustered,range_scan,11500000,479901292,41.731,23963261.178,6ca617ea012d7c88,11500000,true,1,3388375040
dolt-go,9e80d3aa2cf8+runner.6bf12dc88bef,prolly-compare-v1,10000000,fresh,append,write,10000000,10941210209,1094.121,913975.676,f7849416b3dcc750,10000000,true,2,3779280896
dolt-go,9e80d3aa2cf8+runner.6bf12dc88bef,prolly-compare-v1,10000000,fresh,append,point_read,100000,177510583,1775.106,563346.694,f7849416b3dcc750,10000000,true,2,3779280896
dolt-go,9e80d3aa2cf8+runner.6bf12dc88bef,prolly-compare-v1,10000000,fresh,append,range_scan,10000000,416547042,41.655,24006892.360,f7849416b3dcc750,10000000,true,2,3779280896
rust,a1e31dc403e5+src.24beb50ee9ec,prolly-compare-v1,10000000,fresh,append,write,10000000,2866655750,286.666,3488385.377,f7849416b3dcc750,10000000,true,2,2722889728
rust,a1e31dc403e5+src.24beb50ee9ec,prolly-compare-v1,10000000,fresh,append,point_read,100000,103430916,1034.309,966828.912,f7849416b3dcc750,10000000,true,2,2722889728
rust,a1e31dc403e5+src.24beb50ee9ec,prolly-compare-v1,10000000,fresh,append,range_scan,10000000,61281458,6.128,163181496.106,f7849416b3dcc750,10000000,true,2,2722889728
dolt-go,9e80d3aa2cf8+runner.6bf12dc88bef,prolly-compare-v1,10000000,fresh,random,write,10000000,74472619916,7447.262,134277.537,4d41b1d77b2f6508,10000000,true,2,18556862464
dolt-go,9e80d3aa2cf8+runner.6bf12dc88bef,prolly-compare-v1,10000000,fresh,random,point_read,100000,177291792,1772.918,564041.904,4d41b1d77b2f6508,10000000,true,2,18556862464
dolt-go,9e80d3aa2cf8+runner.6bf12dc88bef,prolly-compare-v1,10000000,fresh,random,range_scan,10000000,451357833,45.136,22155370.460,4d41b1d77b2f6508,10000000,true,2,18556862464
rust,a1e31dc403e5+src.24beb50ee9ec,prolly-compare-v1,10000000,fresh,random,write,10000000,7867376083,786.738,1271071.815,4d41b1d77b2f6508,10000000,true,2,2751365120
rust,a1e31dc403e5+src.24beb50ee9ec,prolly-compare-v1,10000000,fresh,random,point_read,100000,98732542,987.325,1012837.287,4d41b1d77b2f6508,10000000,true,2,2751365120
rust,a1e31dc403e5+src.24beb50ee9ec,prolly-compare-v1,10000000,fresh,random,range_scan,10000000,58880250,5.888,169836235.410,4d41b1d77b2f6508,10000000,true,2,2751365120
rust,a1e31dc403e5+src.24beb50ee9ec,prolly-compare-v1,10000000,fresh,clustered,write,10000000,3973763583,397.376,2516506.025,6966fef6c9ae31a0,10000000,true,2,2722988032
rust,a1e31dc403e5+src.24beb50ee9ec,prolly-compare-v1,10000000,fresh,clustered,point_read,100000,97701708,977.017,1023523.560,6966fef6c9ae31a0,10000000,true,2,2722988032
rust,a1e31dc403e5+src.24beb50ee9ec,prolly-compare-v1,10000000,fresh,clustered,range_scan,10000000,59434250,5.943,168253153.695,6966fef6c9ae31a0,10000000,true,2,2722988032
dolt-go,9e80d3aa2cf8+runner.6bf12dc88bef,prolly-compare-v1,10000000,fresh,clustered,write,10000000,9627953834,962.795,1038642.288,6966fef6c9ae31a0,10000000,true,2,4151001088
dolt-go,9e80d3aa2cf8+runner.6bf12dc88bef,prolly-compare-v1,10000000,fresh,clustered,point_read,100000,181785458,1817.855,550099.007,6966fef6c9ae31a0,10000000,true,2,4151001088
dolt-go,9e80d3aa2cf8+runner.6bf12dc88bef,prolly-compare-v1,10000000,fresh,clustered,range_scan,10000000,423264041,42.326,23625914.397,6966fef6c9ae31a0,10000000,true,2,4151001088
rust,a1e31dc403e5+src.24beb50ee9ec,prolly-compare-v1,10000000,mutation,append,write,3000000,1000002875,333.334,2999991.375,f87678739d7b42d0,13000000,true,2,3290185728
rust,a1e31dc403e5+src.24beb50ee9ec,prolly-compare-v1,10000000,mutation,append,point_read,100000,13557500,135.575,7375991.149,f87678739d7b42d0,13000000,true,2,3290185728
rust,a1e31dc403e5+src.24beb50ee9ec,prolly-compare-v1,10000000,mutation,append,range_scan,13000000,89370666,6.875,145461599.223,f87678739d7b42d0,13000000,true,2,3290185728
dolt-go,9e80d3aa2cf8+runner.6bf12dc88bef,prolly-compare-v1,10000000,mutation,append,write,3000000,3446220583,1148.740,870518.856,f87678739d7b42d0,13000000,true,2,3374432256
dolt-go,9e80d3aa2cf8+runner.6bf12dc88bef,prolly-compare-v1,10000000,mutation,append,point_read,100000,77385292,773.853,1292235.222,f87678739d7b42d0,13000000,true,2,3374432256
dolt-go,9e80d3aa2cf8+runner.6bf12dc88bef,prolly-compare-v1,10000000,mutation,append,range_scan,13000000,529105541,40.700,24569767.263,f87678739d7b42d0,13000000,true,2,3374432256
rust,a1e31dc403e5+src.24beb50ee9ec,prolly-compare-v1,10000000,mutation,random,write,3000000,7642496625,2547.499,392541.881,e6dbf9a1f5bf1fbb,11500000,true,2,7736868864
rust,a1e31dc403e5+src.24beb50ee9ec,prolly-compare-v1,10000000,mutation,random,point_read,100000,104320125,1043.201,958587.808,e6dbf9a1f5bf1fbb,11500000,true,2,7736868864
rust,a1e31dc403e5+src.24beb50ee9ec,prolly-compare-v1,10000000,mutation,random,range_scan,11500000,68323000,5.941,168318135.913,e6dbf9a1f5bf1fbb,11500000,true,2,7736868864
dolt-go,9e80d3aa2cf8+runner.6bf12dc88bef,prolly-compare-v1,10000000,mutation,random,write,3000000,38659550292,12886.517,77600.489,e6dbf9a1f5bf1fbb,11500000,true,2,19566395392
dolt-go,9e80d3aa2cf8+runner.6bf12dc88bef,prolly-compare-v1,10000000,mutation,random,point_read,100000,249726875,2497.269,400437.478,e6dbf9a1f5bf1fbb,11500000,true,2,19566395392
dolt-go,9e80d3aa2cf8+runner.6bf12dc88bef,prolly-compare-v1,10000000,mutation,random,range_scan,11500000,516550292,44.917,22263079.081,e6dbf9a1f5bf1fbb,11500000,true,2,19566395392
dolt-go,9e80d3aa2cf8+runner.6bf12dc88bef,prolly-compare-v1,10000000,mutation,clustered,write,3000000,2310285292,770.095,1298540.925,6ca617ea012d7c88,11500000,true,2,3393634304
dolt-go,9e80d3aa2cf8+runner.6bf12dc88bef,prolly-compare-v1,10000000,mutation,clustered,point_read,100000,56534458,565.345,1768832.736,6ca617ea012d7c88,11500000,true,2,3393634304
dolt-go,9e80d3aa2cf8+runner.6bf12dc88bef,prolly-compare-v1,10000000,mutation,clustered,range_scan,11500000,473608042,41.183,24281682.278,6ca617ea012d7c88,11500000,true,2,3393634304
rust,a1e31dc403e5+src.24beb50ee9ec,prolly-compare-v1,10000000,mutation,clustered,write,3000000,1474887250,491.629,2034053.790,6ca617ea012d7c88,11500000,true,2,4222369792
rust,a1e31dc403e5+src.24beb50ee9ec,prolly-compare-v1,10000000,mutation,clustered,point_read,100000,12371584,123.716,8083039.326,6ca617ea012d7c88,11500000,true,2,4222369792
rust,a1e31dc403e5+src.24beb50ee9ec,prolly-compare-v1,10000000,mutation,clustered,range_scan,11500000,67049916,5.830,171514010.547,6ca617ea012d7c88,11500000,true,2,4222369792
rust,a1e31dc403e5+src.24beb50ee9ec,prolly-compare-v1,10000000,fresh,append,write,10000000,2842590166,284.259,3517918.313,f7849416b3dcc750,10000000,true,3,2723414016
rust,a1e31dc403e5+src.24beb50ee9ec,prolly-compare-v1,10000000,fresh,append,point_read,100000,97380584,973.806,1026898.750,f7849416b3dcc750,10000000,true,3,2723414016
rust,a1e31dc403e5+src.24beb50ee9ec,prolly-compare-v1,10000000,fresh,append,range_scan,10000000,59499875,5.950,168067579.974,f7849416b3dcc750,10000000,true,3,2723414016
dolt-go,9e80d3aa2cf8+runner.6bf12dc88bef,prolly-compare-v1,10000000,fresh,append,write,10000000,10789168625,1078.917,926855.474,f7849416b3dcc750,10000000,true,3,3779264512
dolt-go,9e80d3aa2cf8+runner.6bf12dc88bef,prolly-compare-v1,10000000,fresh,append,point_read,100000,174567625,1745.676,572843.905,f7849416b3dcc750,10000000,true,3,3779264512
dolt-go,9e80d3aa2cf8+runner.6bf12dc88bef,prolly-compare-v1,10000000,fresh,append,range_scan,10000000,413022167,41.302,24211775.539,f7849416b3dcc750,10000000,true,3,3779264512
rust,a1e31dc403e5+src.24beb50ee9ec,prolly-compare-v1,10000000,fresh,random,write,10000000,8451663292,845.166,1183199.053,4d41b1d77b2f6508,10000000,true,3,2748334080
rust,a1e31dc403e5+src.24beb50ee9ec,prolly-compare-v1,10000000,fresh,random,point_read,100000,104201375,1042.014,959680.235,4d41b1d77b2f6508,10000000,true,3,2748334080
rust,a1e31dc403e5+src.24beb50ee9ec,prolly-compare-v1,10000000,fresh,random,range_scan,10000000,58105000,5.811,172102228.724,4d41b1d77b2f6508,10000000,true,3,2748334080
dolt-go,9e80d3aa2cf8+runner.6bf12dc88bef,prolly-compare-v1,10000000,fresh,random,write,10000000,71881837625,7188.184,139117.200,4d41b1d77b2f6508,10000000,true,3,19328483328
dolt-go,9e80d3aa2cf8+runner.6bf12dc88bef,prolly-compare-v1,10000000,fresh,random,point_read,100000,180191750,1801.918,554964.364,4d41b1d77b2f6508,10000000,true,3,19328483328
dolt-go,9e80d3aa2cf8+runner.6bf12dc88bef,prolly-compare-v1,10000000,fresh,random,range_scan,10000000,452266709,45.227,22110846.987,4d41b1d77b2f6508,10000000,true,3,19328483328
dolt-go,9e80d3aa2cf8+runner.6bf12dc88bef,prolly-compare-v1,10000000,fresh,clustered,write,10000000,9126861334,912.686,1095666.915,6966fef6c9ae31a0,10000000,true,3,4154408960
dolt-go,9e80d3aa2cf8+runner.6bf12dc88bef,prolly-compare-v1,10000000,fresh,clustered,point_read,100000,178215125,1782.151,561119.602,6966fef6c9ae31a0,10000000,true,3,4154408960
dolt-go,9e80d3aa2cf8+runner.6bf12dc88bef,prolly-compare-v1,10000000,fresh,clustered,range_scan,10000000,420480000,42.048,23782343.988,6966fef6c9ae31a0,10000000,true,3,4154408960
rust,a1e31dc403e5+src.24beb50ee9ec,prolly-compare-v1,10000000,fresh,clustered,write,10000000,4148625459,414.863,2410436.926,6966fef6c9ae31a0,10000000,true,3,2723676160
rust,a1e31dc403e5+src.24beb50ee9ec,prolly-compare-v1,10000000,fresh,clustered,point_read,100000,105295250,1052.953,949710.457,6966fef6c9ae31a0,10000000,true,3,2723676160
rust,a1e31dc403e5+src.24beb50ee9ec,prolly-compare-v1,10000000,fresh,clustered,range_scan,10000000,59282333,5.928,168684319.492,6966fef6c9ae31a0,10000000,true,3,2723676160
dolt-go,9e80d3aa2cf8+runner.6bf12dc88bef,prolly-compare-v1,10000000,mutation,append,write,3000000,3427805083,1142.602,875195.622,f87678739d7b42d0,13000000,true,3,3390865408
dolt-go,9e80d3aa2cf8+runner.6bf12dc88bef,prolly-compare-v1,10000000,mutation,append,point_read,100000,58199958,582.000,1718214.298,f87678739d7b42d0,13000000,true,3,3390865408
dolt-go,9e80d3aa2cf8+runner.6bf12dc88bef,prolly-compare-v1,10000000,mutation,append,range_scan,13000000,860620834,66.202,15105374.500,f87678739d7b42d0,13000000,true,3,3390865408
rust,a1e31dc403e5+src.24beb50ee9ec,prolly-compare-v1,10000000,mutation,append,write,3000000,1091318500,363.773,2748968.335,f87678739d7b42d0,13000000,true,3,3289448448
rust,a1e31dc403e5+src.24beb50ee9ec,prolly-compare-v1,10000000,mutation,append,point_read,100000,13588750,135.887,7359028.608,f87678739d7b42d0,13000000,true,3,3289448448
rust,a1e31dc403e5+src.24beb50ee9ec,prolly-compare-v1,10000000,mutation,append,range_scan,13000000,90550125,6.965,143566891.818,f87678739d7b42d0,13000000,true,3,3289448448
dolt-go,9e80d3aa2cf8+runner.6bf12dc88bef,prolly-compare-v1,10000000,mutation,random,write,3000000,40705301584,13568.434,73700.473,e6dbf9a1f5bf1fbb,11500000,true,3,19261865984
dolt-go,9e80d3aa2cf8+runner.6bf12dc88bef,prolly-compare-v1,10000000,mutation,random,point_read,100000,753338708,7533.387,132742.416,e6dbf9a1f5bf1fbb,11500000,true,3,19261865984
dolt-go,9e80d3aa2cf8+runner.6bf12dc88bef,prolly-compare-v1,10000000,mutation,random,range_scan,11500000,1139279458,99.068,10094099.318,e6dbf9a1f5bf1fbb,11500000,true,3,19261865984
rust,a1e31dc403e5+src.24beb50ee9ec,prolly-compare-v1,10000000,mutation,random,write,3000000,7900939125,2633.646,379701.698,e6dbf9a1f5bf1fbb,11500000,true,3,8357625856
rust,a1e31dc403e5+src.24beb50ee9ec,prolly-compare-v1,10000000,mutation,random,point_read,100000,444496834,4444.968,224973.481,e6dbf9a1f5bf1fbb,11500000,true,3,8357625856
rust,a1e31dc403e5+src.24beb50ee9ec,prolly-compare-v1,10000000,mutation,random,range_scan,11500000,224472042,19.519,51231324.389,e6dbf9a1f5bf1fbb,11500000,true,3,8357625856
rust,a1e31dc403e5+src.24beb50ee9ec,prolly-compare-v1,10000000,mutation,clustered,write,3000000,1532788792,510.930,1957216.817,6ca617ea012d7c88,11500000,true,3,4110663680
rust,a1e31dc403e5+src.24beb50ee9ec,prolly-compare-v1,10000000,mutation,clustered,point_read,100000,12224125,122.241,8180544.620,6ca617ea012d7c88,11500000,true,3,4110663680
rust,a1e31dc403e5+src.24beb50ee9ec,prolly-compare-v1,10000000,mutation,clustered,range_scan,11500000,68515042,5.958,167846354.090,6ca617ea012d7c88,11500000,true,3,4110663680
dolt-go,9e80d3aa2cf8+runner.6bf12dc88bef,prolly-compare-v1,10000000,mutation,clustered,write,3000000,2304922708,768.308,1301562.083,6ca617ea012d7c88,11500000,true,3,3384999936
dolt-go,9e80d3aa2cf8+runner.6bf12dc88bef,prolly-compare-v1,10000000,mutation,clustered,point_read,100000,54122875,541.229,1847647.598,6ca617ea012d7c88,11500000,true,3,3384999936
dolt-go,9e80d3aa2cf8+runner.6bf12dc88bef,prolly-compare-v1,10000000,mutation,clustered,range_scan,11500000,469079208,40.789,24516115.411,6ca617ea012d7c88,11500000,true,3,3384999936
